PassengerId,Sex,Pclass,ClassXSex,FamilySize_large,FamilySize_small,FamilySize_solo,FarePerPerson,Age,IsChild,Embarked_C,Embarked_Q,Embarked_S,Embarked_unknown,Title_men,Title_noble,Title_other,Title_women,Deck_A,Deck_B,Deck_C,Deck_D,Deck_E,Deck_F,Deck_G,Deck_T,Deck_no_cabin,Survived
1,1,3,6,0,1,0,3.625,22.0,0,0,0,1,0,1,0,0,0,0,0,0,0,0,0,0,0,1,0
2,0,1,1,0,1,0,35.64165,38.0,0,1,0,0,0,0,0,0,1,0,0,1,0,0,0,0,0,0,1
3,0,3,3,0,0,1,7.925,26.0,0,0,0,1,0,0,0,0,1,0,0,0,0,0,0,0,0,1,1
4,0,1,1,0,1,0,26.55,35.0,0,0,0,1,0,0,0,0,1,0,0,1,0,0,0,0,0,0,1
5,1,3,6,0,0,1,8.05,35.0,0,0,0,1,0,1,0,0,0,0,0,0,0,0,0,0,0,1,0
6,1,3,6,0,0,1,8.4583,25.0,0,0,1,0,0,1,0,0,0,0,0,0,0,0,0,0,0,1,0
7,1,1,4,0,0,1,51.8625,54.0,0,0,0,1,0,1,0,0,0,0,0,0,0,1,0,0,0,0,0
8,1,3,6,1,0,0,4.215,2.0,1,0,0,1,0,1,0,0,0,0,0,0,0,0,0,0,0,1,0
9,0,3,3,0,1,0,3.7111,27.0,0,0,0,1,0,0,0,0,1,0,0,0,0,0,0,0,0,1,1
10,0,2,2,0,1,0,15.0354,14.0,1,1,0,0,0,0,0,0,1,0,0,0,0,0,0,0,0,1,1
11,0,3,3,0,1,0,5.566666666666666,4.0,1,0,0,1,0,0,0,0,1,0,0,0,0,0,0,1,0,0,1
12,0,1,1,0,0,1,26.55,58.0,0,0,0,1,0,0,0,0,1,0,0,1,0,0,0,0,0,0,1
13,1,3,6,0,0,1,8.05,20.0,0,0,0,1,0,1,0,0,0,0,0,0,0,0,0,0,0,1,0
14,1,3,6,1,0,0,4.4678571428571425,39.0,0,0,0,1,0,1,0,0,0,0,0,0,0,0,0,0,0,1,0
15,0,3,3,0,0,1,7.8542,14.0,1,0,0,1,0,0,0,0,1,0,0,0,0,0,0,0,0,1,0
16,0,2,2,0,0,1,16.0,55.0,0,0,0,1,0,0,0,0,1,0,0,0,0,0,0,0,0,1,1
17,1,3,6,1,0,0,4.854166666666667,2.0,1,0,1,0,0,1,0,0,0,0,0,0,0,0,0,0,0,1,0
18,1,2,5,0,0,1,13.0,30.0,0,0,0,1,0,1,0,0,0,0,0,0,0,0,0,0,0,1,1
19,0,3,3,0,1,0,9.0,31.0,0,0,0,1,0,0,0,0,1,0,0,0,0,0,0,0,0,1,0
20,0,3,3,0,0,1,7.225,21.5,0,1,0,0,0,0,0,0,1,0,0,0,0,0,0,0,0,1,1
21,1,2,5,0,0,1,26.0,35.0,0,0,0,1,0,1,0,0,0,0,0,0,0,0,0,0,0,1,0
22,1,2,5,0,0,1,13.0,34.0,0,0,0,1,0,1,0,0,0,0,0,0,1,0,0,0,0,0,1
23,0,3,3,0,0,1,8.0292,15.0,1,0,1,0,0,0,0,0,1,0,0,0,0,0,0,0,0,1,1
24,1,1,4,0,0,1,35.5,28.0,0,0,0,1,0,1,0,0,0,1,0,0,0,0,0,0,0,0,1
25,0,3,3,1,0,0,4.215,8.0,1,0,0,1,0,0,0,0,1,0,0,0,0,0,0,0,0,1,0
26,0,3,3,1,0,0,4.483928571428572,38.0,0,0,0,1,0,0,0,0,1,0,0,0,0,0,0,0,0,1,1
27,1,3,6,0,0,1,7.225,25.0,0,1,0,0,0,1,0,0,0,0,0,0,0,0,0,0,0,1,0
28,1,1,4,1,0,0,43.833333333333336,19.0,0,0,0,1,0,1,0,0,0,0,0,1,0,0,0,0,0,0,0
29,0,3,3,0,0,1,7.8792,21.5,0,0,1,0,0,0,0,0,1,0,0,0,0,0,0,0,0,1,1
30,1,3,6,0,0,1,7.8958,25.0,0,0,0,1,0,1,0,0,0,0,0,0,0,0,0,0,0,1,0
31,1,1,4,0,0,1,27.7208,40.0,0,1,0,0,0,0,0,1,0,0,0,0,0,0,0,0,0,1,0
32,0,1,1,0,1,0,73.2604,35.0,0,1,0,0,0,0,0,0,1,0,1,0,0,0,0,0,0,0,1
33,0,3,3,0,0,1,7.75,21.5,0,0,1,0,0,0,0,0,1,0,0,0,0,0,0,0,0,1,1
34,1,2,5,0,0,1,10.5,66.0,0,0,0,1,0,1,0,0,0,0,0,0,0,0,0,0,0,1,0
35,1,1,4,0,1,0,41.0854,28.0,0,1,0,0,0,1,0,0,0,0,0,0,0,0,0,0,0,1,0
36,1,1,4,0,1,0,26.0,42.0,0,0,0,1,0,1,0,0,0,0,0,0,0,0,0,0,0,1,0
37,1,3,6,0,0,1,7.2292,25.0,0,1,0,0,0,1,0,0,0,0,0,0,0,0,0,0,0,1,1
38,1,3,6,0,0,1,8.05,21.0,0,0,0,1,0,1,0,0,0,0,0,0,0,0,0,0,0,1,0
39,0,3,3,0,1,0,6.0,18.0,0,0,0,1,0,0,0,0,1,0,0,0,0,0,0,0,0,1,0
40,0,3,3,0,1,0,5.62085,14.0,1,1,0,0,0,0,0,0,1,0,0,0,0,0,0,0,0,1,1
41,0,3,3,0,1,0,4.7375,40.0,0,0,0,1,0,0,0,0,1,0,0,0,0,0,0,0,0,1,0
42,0,2,2,0,1,0,10.5,27.0,0,0,0,1,0,0,0,0,1,0,0,0,0,0,0,0,0,1,0
43,1,3,6,0,0,1,7.8958,25.0,0,1,0,0,0,1,0,0,0,0,0,0,0,0,0,0,0,1,0
44,0,2,2,0,1,0,10.3948,3.0,1,1,0,0,0,0,0,0,1,0,0,0,0,0,0,0,0,1,1
45,0,3,3,0,0,1,7.8792,19.0,0,0,1,0,0,0,0,0,1,0,0,0,0,0,0,0,0,1,1
46,1,3,6,0,0,1,8.05,25.0,0,0,0,1,0,1,0,0,0,0,0,0,0,0,0,0,0,1,0
47,1,3,6,0,1,0,7.75,25.0,0,0,1,0,0,1,0,0,0,0,0,0,0,0,0,0,0,1,0
48,0,3,3,0,0,1,7.75,21.5,0,0,1,0,0,0,0,0,1,0,0,0,0,0,0,0,0,1,1
49,1,3,6,0,1,0,7.226400000000001,25.0,0,1,0,0,0,1,0,0,0,0,0,0,0,0,0,0,0,1,0
50,0,3,3,0,1,0,8.9,18.0,0,0,0,1,0,0,0,0,1,0,0,0,0,0,0,0,0,1,0
51,1,3,6,1,0,0,6.614583333333333,7.0,1,0,0,1,0,1,0,0,0,0,0,0,0,0,0,0,0,1,0
52,1,3,6,0,0,1,7.8,21.0,0,0,0,1,0,1,0,0,0,0,0,0,0,0,0,0,0,1,0
53,0,1,1,0,1,0,38.3646,49.0,0,1,0,0,0,0,0,0,1,0,0,0,1,0,0,0,0,0,1
54,0,2,2,0,1,0,13.0,29.0,0,0,0,1,0,0,0,0,1,0,0,0,0,0,0,0,0,1,1
55,1,1,4,0,1,0,30.9896,65.0,0,1,0,0,0,1,0,0,0,0,1,0,0,0,0,0,0,0,0
56,1,1,4,0,0,1,35.5,40.0,0,0,0,1,0,1,0,0,0,0,0,1,0,0,0,0,0,0,1
57,0,2,2,0,0,1,10.5,21.0,0,0,0,1,0,0,0,0,1,0,0,0,0,0,0,0,0,1,1
58,1,3,6,0,0,1,7.2292,28.5,0,1,0,0,0,1,0,0,0,0,0,0,0,0,0,0,0,1,0
59,0,2,2,0,1,0,6.9375,5.0,1,0,0,1,0,0,0,0,1,0,0,0,0,0,0,0,0,1,1
60,1,3,6,1,0,0,5.8625,11.0,1,0,0,1,0,1,0,0,0,0,0,0,0,0,0,0,0,1,0
61,1,3,6,0,0,1,7.2292,22.0,0,1,0,0,0,1,0,0,0,0,0,0,0,0,0,0,0,1,0
62,0,1,1,0,0,1,80.0,38.0,0,0,0,0,1,0,0,0,1,0,1,0,0,0,0,0,0,0,1
63,1,1,4,0,1,0,41.7375,45.0,0,0,0,1,0,1,0,0,0,0,0,1,0,0,0,0,0,0,0
64,1,3,6,1,0,0,4.6499999999999995,4.0,1,0,0,1,0,1,0,0,0,0,0,0,0,0,0,0,0,1,0
65,1,1,4,0,0,1,27.7208,40.0,0,1,0,0,0,1,0,0,0,0,0,0,0,0,0,0,0,1,0
66,1,3,6,0,1,0,5.081933333333333,25.0,0,1,0,0,0,1,0,0,0,0,0,0,0,0,0,0,0,1,1
67,0,2,2,0,0,1,10.5,29.0,0,0,0,1,0,0,0,0,1,0,0,0,0,0,1,0,0,0,1
68,1,3,6,0,0,1,8.1583,19.0,0,0,0,1,0,1,0,0,0,0,0,0,0,0,0,0,0,1,0
69,0,3,3,1,0,0,1.1321428571428571,17.0,0,0,0,1,0,0,0,0,1,0,0,0,0,0,0,0,0,1,1
70,1,3,6,0,1,0,2.8874999999999997,26.0,0,0,0,1,0,1,0,0,0,0,0,0,0,0,0,0,0,1,0
71,1,2,5,0,0,1,10.5,32.0,0,0,0,1,0,1,0,0,0,0,0,0,0,0,0,0,0,1,0
72,0,3,3,1,0,0,5.8625,16.0,1,0,0,1,0,0,0,0,1,0,0,0,0,0,0,0,0,1,0
73,1,2,5,0,0,1,73.5,21.0,0,0,0,1,0,1,0,0,0,0,0,0,0,0,0,0,0,1,0
74,1,3,6,0,1,0,7.2271,26.0,0,1,0,0,0,1,0,0,0,0,0,0,0,0,0,0,0,1,0
75,1,3,6,0,0,1,56.4958,32.0,0,0,0,1,0,1,0,0,0,0,0,0,0,0,0,0,0,1,1
76,1,3,6,0,0,1,7.65,25.0,0,0,0,1,0,1,0,0,0,0,0,0,0,0,1,0,0,0,0
77,1,3,6,0,0,1,7.8958,25.0,0,0,0,1,0,1,0,0,0,0,0,0,0,0,0,0,0,1,0
78,1,3,6,0,0,1,8.05,25.0,0,0,0,1,0,1,0,0,0,0,0,0,0,0,0,0,0,1,0
79,1,2,5,0,1,0,9.666666666666666,0.83,1,0,0,1,0,1,0,0,0,0,0,0,0,0,0,0,0,1,1
80,0,3,3,0,0,1,12.475,30.0,0,0,0,1,0,0,0,0,1,0,0,0,0,0,0,0,0,1,1
81,1,3,6,0,0,1,9.0,22.0,0,0,0,1,0,1,0,0,0,0,0,0,0,0,0,0,0,1,0
82,1,3,6,0,0,1,9.5,29.0,0,0,0,1,0,1,0,0,0,0,0,0,0,0,0,0,0,1,1
83,0,3,3,0,0,1,7.7875,21.5,0,0,1,0,0,0,0,0,1,0,0,0,0,0,0,0,0,1,1
84,1,1,4,0,0,1,47.1,28.0,0,0,0,1,0,1,0,0,0,0,0,0,0,0,0,0,0,1,0
85,0,2,2,0,0,1,10.5,17.0,0,0,0,1,0,0,0,0,1,0,0,0,0,0,0,0,0,1,1
86,0,3,3,0,1,0,3.9625,33.0,0,0,0,1,0,0,0,0,1,0,0,0,0,0,0,0,0,1,1
87,1,3,6,1,0,0,6.875,16.0,1,0,0,1,0,1,0,0,0,0,0,0,0,0,0,0,0,1,0
88,1,3,6,0,0,1,8.05,25.0,0,0,0,1,0,1,0,0,0,0,0,0,0,0,0,0,0,1,0
89,0,1,1,1,0,0,43.833333333333336,23.0,0,0,0,1,0,0,0,0,1,0,0,1,0,0,0,0,0,0,1
90,1,3,6,0,0,1,8.05,24.0,0,0,0,1,0,1,0,0,0,0,0,0,0,0,0,0,0,1,0
91,1,3,6,0,0,1,8.05,29.0,0,0,0,1,0,1,0,0,0,0,0,0,0,0,0,0,0,1,0
92,1,3,6,0,0,1,7.8542,20.0,0,0,0,1,0,1,0,0,0,0,0,0,0,0,0,0,0,1,0
93,1,1,4,0,1,0,30.5875,46.0,0,0,0,1,0,1,0,0,0,0,0,0,0,1,0,0,0,0,0
94,1,3,6,0,1,0,5.14375,26.0,0,0,0,1,0,1,0,0,0,0,0,0,0,0,0,0,0,1,0
95,1,3,6,0,0,1,7.25,59.0,0,0,0,1,0,1,0,0,0,0,0,0,0,0,0,0,0,1,0
96,1,3,6,0,0,1,8.05,25.0,0,0,0,1,0,1,0,0,0,0,0,0,0,0,0,0,0,1,0
97,1,1,4,0,0,1,34.6542,71.0,0,1,0,0,0,1,0,0,0,1,0,0,0,0,0,0,0,0,0
98,1,1,4,0,1,0,31.67915,23.0,0,1,0,0,0,1,0,0,0,0,0,0,1,0,0,0,0,0,1
99,0,2,2,0,1,0,11.5,34.0,0,0,0,1,0,0,0,0,1,0,0,0,0,0,0,0,0,1,1
100,1,2,5,0,1,0,13.0,34.0,0,0,0,1,0,1,0,0,0,0,0,0,0,0,0,0,0,1,0
101,0,3,3,0,0,1,7.8958,28.0,0,0,0,1,0,0,0,0,1,0,0,0,0,0,0,0,0,1,0
102,1,3,6,0,0,1,7.8958,25.0,0,0,0,1,0,1,0,0,0,0,0,0,0,0,0,0,0,1,0
103,1,1,4,0,1,0,38.64375,21.0,0,0,0,1,0,1,0,0,0,0,0,0,1,0,0,0,0,0,0
104,1,3,6,0,0,1,8.6542,33.0,0,0,0,1,0,1,0,0,0,0,0,0,0,0,0,0,0,1,0
105,1,3,6,0,1,0,2.6416666666666666,37.0,0,0,0,1,0,1,0,0,0,0,0,0,0,0,0,0,0,1,0
106,1,3,6,0,0,1,7.8958,28.0,0,0,0,1,0,1,0,0,0,0,0,0,0,0,0,0,0,1,0
107,0,3,3,0,0,1,7.65,21.0,0,0,0,1,0,0,0,0,1,0,0,0,0,0,0,0,0,1,1
108,1,3,6,0,0,1,7.775,25.0,0,0,0,1,0,1,0,0,0,0,0,0,0,0,0,0,0,1,1
109,1,3,6,0,0,1,7.8958,38.0,0,0,0,1,0,1,0,0,0,0,0,0,0,0,0,0,0,1,0
110,0,3,3,0,1,0,12.075,21.5,0,0,1,0,0,0,0,0,1,0,0,0,0,0,0,0,0,1,1
111,1,1,4,0,0,1,52.0,47.0,0,0,0,1,0,1,0,0,0,0,0,1,0,0,0,0,0,0,0
112,0,3,3,0,1,0,7.2271,14.5,1,1,0,0,0,0,0,0,1,0,0,0,0,0,0,0,0,1,0
113,1,3,6,0,0,1,8.05,22.0,0,0,0,1,0,1,0,0,0,0,0,0,0,0,0,0,0,1,0
114,0,3,3,0,1,0,4.9125,20.0,0,0,0,1,0,0,0,0,1,0,0,0,0,0,0,0,0,1,0
115,0,3,3,0,0,1,14.4583,17.0,0,1,0,0,0,0,0,0,1,0,0,0,0,0,0,0,0,1,0
116,1,3,6,0,0,1,7.925,21.0,0,0,0,1,0,1,0,0,0,0,0,0,0,0,0,0,0,1,0
117,1,3,6,0,0,1,7.75,70.5,0,0,1,0,0,1,0,0,0,0,0,0,0,0,0,0,0,1,0
118,1,2,5,0,1,0,10.5,29.0,0,0,0,1,0,1,0,0,0,0,0,0,0,0,0,0,0,1,0
119,1,1,4,0,1,0,123.7604,24.0,0,1,0,0,0,1,0,0,0,0,1,0,0,0,0,0,0,0,0
120,0,3,3,1,0,0,4.4678571428571425,2.0,1,0,0,1,0,0,0,0,1,0,0,0,0,0,0,0,0,1,0
121,1,2,5,0,1,0,24.5,21.0,0,0,0,1,0,1,0,0,0,0,0,0,0,0,0,0,0,1,0
122,1,3,6,0,0,1,8.05,25.0,0,0,0,1,0,1,0,0,0,0,0,0,0,0,0,0,0,1,0
123,1,2,5,0,1,0,15.0354,32.5,0,1,0,0,0,1,0,0,0,0,0,0,0,0,0,0,0,1,0
124,0,2,2,0,0,1,13.0,32.5,0,0,0,1,0,0,0,0,1,0,0,0,0,1,0,0,0,0,1
125,1,1,4,0,1,0,38.64375,54.0,0,0,0,1,0,1,0,0,0,0,0,0,1,0,0,0,0,0,0
126,1,3,6,0,1,0,5.62085,12.0,1,1,0,0,0,1,0,0,0,0,0,0,0,0,0,0,0,1,1
127,1,3,6,0,0,1,7.75,25.0,0,0,1,0,0,1,0,0,0,0,0,0,0,0,0,0,0,1,0
128,1,3,6,0,0,1,7.1417,24.0,0,0,0,1,0,1,0,0,0,0,0,0,0,0,0,0,0,1,1
129,0,3,3,0,1,0,7.452766666666666,21.5,0,1,0,0,0,0,0,0,1,0,0,0,0,0,1,0,0,0,1
130,1,3,6,0,0,1,6.975,45.0,0,0,0,1,0,1,0,0,0,0,0,0,0,0,0,0,0,1,0
131,1,3,6,0,0,1,7.8958,33.0,0,1,0,0,0,1,0,0,0,0,0,0,0,0,0,0,0,1,0
132,1,3,6,0,0,1,7.05,20.0,0,0,0,1,0,1,0,0,0,0,0,0,0,0,0,0,0,1,0
133,0,3,3,0,1,0,7.25,47.0,0,0,0,1,0,0,0,0,1,0,0,0,0,0,0,0,0,1,0
134,0,2,2,0,1,0,13.0,29.0,0,0,0,1,0,0,0,0,1,0,0,0,0,0,0,0,0,1,1
135,1,2,5,0,0,1,13.0,25.0,0,0,0,1,0,1,0,0,0,0,0,0,0,0,0,0,0,1,0
136,1,2,5,0,0,1,15.0458,23.0,0,1,0,0,0,1,0,0,0,0,0,0,0,0,0,0,0,1,0
137,0,1,1,0,1,0,8.7611,19.0,0,0,0,1,0,0,0,0,1,0,0,0,1,0,0,0,0,0,1
138,1,1,4,0,1,0,26.55,37.0,0,0,0,1,0,1,0,0,0,0,0,1,0,0,0,0,0,0,0
139,1,3,6,0,0,1,9.2167,16.0,1,0,0,1,0,1,0,0,0,0,0,0,0,0,0,0,0,1,0
140,1,1,4,0,0,1,79.2,24.0,0,1,0,0,0,1,0,0,0,0,1,0,0,0,0,0,0,0,0
141,0,3,3,0,1,0,5.081933333333333,21.5,0,1,0,0,0,0,0,0,1,0,0,0,0,0,0,0,0,1,0
142,0,3,3,0,0,1,7.75,22.0,0,0,0,1,0,0,0,0,1,0,0,0,0,0,0,0,0,1,1
143,0,3,3,0,1,0,7.925,24.0,0,0,0,1,0,0,0,0,1,0,0,0,0,0,0,0,0,1,1
144,1,3,6,0,0,1,6.75,19.0,0,0,1,0,0,1,0,0,0,0,0,0,0,0,0,0,0,1,0
145,1,2,5,0,0,1,11.5,18.0,0,0,0,1,0,1,0,0,0,0,0,0,0,0,0,0,0,1,0
146,1,2,5,0,1,0,12.25,19.0,0,0,0,1,0,1,0,0,0,0,0,0,0,0,0,0,0,1,0
147,1,3,6,0,0,1,7.7958,27.0,0,0,0,1,0,1,0,0,0,0,0,0,0,0,0,0,0,1,1
148,0,3,3,1,0,0,6.875,9.0,1,0,0,1,0,0,0,0,1,0,0,0,0,0,0,0,0,1,0
149,1,2,5,0,1,0,8.666666666666666,36.5,0,0,0,1,0,1,0,0,0,0,0,0,0,0,1,0,0,0,0
150,1,2,5,0,0,1,13.0,42.0,0,0,0,1,0,0,0,1,0,0,0,0,0,0,0,0,0,1,0
151,1,2,5,0,0,1,12.525,51.0,0,0,0,1,0,0,0,1,0,0,0,0,0,0,0,0,0,1,0
152,0,1,1,0,1,0,33.3,22.0,0,0,0,1,0,0,0,0,1,0,0,1,0,0,0,0,0,0,1
153,1,3,6,0,0,1,8.05,55.5,0,0,0,1,0,1,0,0,0,0,0,0,0,0,0,0,0,1,0
154,1,3,6,0,1,0,4.833333333333333,40.5,0,0,0,1,0,1,0,0,0,0,0,0,0,0,0,0,0,1,0
155,1,3,6,0,0,1,7.3125,25.0,0,0,0,1,0,1,0,0,0,0,0,0,0,0,0,0,0,1,0
156,1,1,4,0,1,0,30.6896,51.0,0,1,0,0,0,1,0,0,0,0,0,0,0,0,0,0,0,1,0
157,0,3,3,0,0,1,7.7333,16.0,1,0,1,0,0,0,0,0,1,0,0,0,0,0,0,0,0,1,1
158,1,3,6,0,0,1,8.05,30.0,0,0,0,1,0,1,0,0,0,0,0,0,0,0,0,0,0,1,0
159,1,3,6,0,0,1,8.6625,25.0,0,0,0,1,0,1,0,0,0,0,0,0,0,0,0,0,0,1,0
160,1,3,6,1,0,0,6.322727272727272,25.0,0,0,0,1,0,1,0,0,0,0,0,0,0,0,0,0,0,1,0
161,1,3,6,0,1,0,8.05,44.0,0,0,0,1,0,1,0,0,0,0,0,0,0,0,0,0,0,1,0
162,0,2,2,0,0,1,15.75,40.0,0,0,0,1,0,0,0,0,1,0,0,0,0,0,0,0,0,1,1
163,1,3,6,0,0,1,7.775,26.0,0,0,0,1,0,1,0,0,0,0,0,0,0,0,0,0,0,1,0
164,1,3,6,0,0,1,8.6625,17.0,0,0,0,1,0,1,0,0,0,0,0,0,0,0,0,0,0,1,0
165,1,3,6,1,0,0,6.614583333333333,1.0,1,0,0,1,0,1,0,0,0,0,0,0,0,0,0,0,0,1,0
166,1,3,6,0,1,0,6.841666666666666,9.0,1,0,0,1,0,1,0,0,0,0,0,0,0,0,0,0,0,1,1
167,0,1,1,0,1,0,27.5,35.0,0,0,0,1,0,0,0,0,1,0,0,0,0,1,0,0,0,0,1
168,0,3,3,1,0,0,4.6499999999999995,45.0,0,0,0,1,0,0,0,0,1,0,0,0,0,0,0,0,0,1,0
169,1,1,4,0,0,1,25.925,40.0,0,0,0,1,0,1,0,0,0,0,0,0,0,0,0,0,0,1,0
170,1,3,6,0,0,1,56.4958,28.0,0,0,0,1,0,1,0,0,0,0,0,0,0,0,0,0,0,1,0
171,1,1,4,0,0,1,33.5,61.0,0,0,0,1,0,1,0,0,0,0,1,0,0,0,0,0,0,0,0
172,1,3,6,1,0,0,4.854166666666667,4.0,1,0,1,0,0,1,0,0,0,0,0,0,0,0,0,0,0,1,0
173,0,3,3,0,1,0,3.7111,1.0,1,0,0,1,0,0,0,0,1,0,0,0,0,0,0,0,0,1,1
174,1,3,6,0,0,1,7.925,21.0,0,0,0,1,0,1,0,0,0,0,0,0,0,0,0,0,0,1,0
175,1,1,4,0,0,1,30.6958,56.0,0,1,0,0,0,1,0,0,0,1,0,0,0,0,0,0,0,0,0
176,1,3,6,0,1,0,2.6180666666666665,18.0,0,0,0,1,0,1,0,0,0,0,0,0,0,0,0,0,0,1,0
177,1,3,6,1,0,0,5.0933399999999995,25.0,0,0,0,1,0,1,0,0,0,0,0,0,0,0,0,0,0,1,0
178,0,1,1,0,0,1,28.7125,50.0,0,1,0,0,0,0,0,0,1,0,0,1,0,0,0,0,0,0,0
179,1,2,5,0,0,1,13.0,30.0,0,0,0,1,0,1,0,0,0,0,0,0,0,0,0,0,0,1,0
180,1,3,6,0,0,1,7.8542,36.0,0,0,0,1,0,1,0,0,0,0,0,0,0,0,0,0,0,1,0
181,0,3,3,1,0,0,6.322727272727272,21.5,0,0,0,1,0,0,0,0,1,0,0,0,0,0,0,0,0,1,0
182,1,2,5,0,0,1,15.05,30.0,0,1,0,0,0,1,0,0,0,0,0,0,0,0,0,0,0,1,0
183,1,3,6,1,0,0,4.483928571428572,9.0,1,0,0,1,0,1,0,0,0,0,0,0,0,0,0,0,0,1,0
184,1,2,5,0,1,0,9.75,1.0,1,0,0,1,0,1,0,0,0,0,0,0,0,0,1,0,0,0,1
185,0,3,3,0,1,0,7.341666666666666,4.0,1,0,0,1,0,0,0,0,1,0,0,0,0,0,0,0,0,1,1
186,1,1,4,0,0,1,50.0,40.0,0,0,0,1,0,1,0,0,0,1,0,0,0,0,0,0,0,0,0
187,0,3,3,0,1,0,7.75,21.5,0,0,1,0,0,0,0,0,1,0,0,0,0,0,0,0,0,1,1
188,1,1,4,0,0,1,26.55,45.0,0,0,0,1,0,1,0,0,0,0,0,0,0,0,0,0,0,1,1
189,1,3,6,0,1,0,5.166666666666667,40.0,0,0,1,0,0,1,0,0,0,0,0,0,0,0,0,0,0,1,0
190,1,3,6,0,0,1,7.8958,36.0,0,0,0,1,0,1,0,0,0,0,0,0,0,0,0,0,0,1,0
191,0,2,2,0,0,1,13.0,32.0,0,0,0,1,0,0,0,0,1,0,0,0,0,0,0,0,0,1,1
192,1,2,5,0,0,1,13.0,19.0,0,0,0,1,0,1,0,0,0,0,0,0,0,0,0,0,0,1,0
193,0,3,3,0,1,0,3.9271,19.0,0,0,0,1,0,0,0,0,1,0,0,0,0,0,0,0,0,1,1
194,1,2,5,0,1,0,8.666666666666666,3.0,1,0,0,1,0,1,0,0,0,0,0,0,0,0,1,0,0,0,1
195,0,1,1,0,0,1,27.7208,44.0,0,1,0,0,0,0,0,0,1,0,1,0,0,0,0,0,0,0,1
196,0,1,1,0,0,1,146.5208,58.0,0,1,0,0,0,0,0,0,1,0,1,0,0,0,0,0,0,0,1
197,1,3,6,0,0,1,7.75,25.0,0,0,1,0,0,1,0,0,0,0,0,0,0,0,0,0,0,1,0
198,1,3,6,0,1,0,4.2021,42.0,0,0,0,1,0,1,0,0,0,0,0,0,0,0,0,0,0,1,0
199,0,3,3,0,0,1,7.75,21.5,0,0,1,0,0,0,0,0,1,0,0,0,0,0,0,0,0,1,1
200,0,2,2,0,0,1,13.0,24.0,0,0,0,1,0,0,0,0,1,0,0,0,0,0,0,0,0,1,0
201,1,3,6,0,0,1,9.5,28.0,0,0,0,1,0,1,0,0,0,0,0,0,0,0,0,0,0,1,0
202,1,3,6,1,0,0,6.322727272727272,25.0,0,0,0,1,0,1,0,0,0,0,0,0,0,0,0,0,0,1,0
203,1,3,6,0,0,1,6.4958,34.0,0,0,0,1,0,1,0,0,0,0,0,0,0,0,0,0,0,1,0
204,1,3,6,0,0,1,7.225,45.5,0,1,0,0,0,1,0,0,0,0,0,0,0,0,0,0,0,1,0
205,1,3,6,0,0,1,8.05,18.0,0,0,0,1,0,1,0,0,0,0,0,0,0,0,0,0,0,1,1
206,0,3,3,0,1,0,5.23125,2.0,1,0,0,1,0,0,0,0,1,0,0,0,0,0,0,1,0,0,0
207,1,3,6,0,1,0,7.925,32.0,0,0,0,1,0,1,0,0,0,0,0,0,0,0,0,0,0,1,0
208,1,3,6,0,0,1,18.7875,26.0,0,1,0,0,0,1,0,0,0,0,0,0,0,0,0,0,0,1,1
209,0,3,3,0,0,1,7.75,16.0,1,0,1,0,0,0,0,0,1,0,0,0,0,0,0,0,0,1,1
210,1,1,4,0,0,1,31.0,40.0,0,1,0,0,0,1,0,0,0,1,0,0,0,0,0,0,0,0,1
211,1,3,6,0,0,1,7.05,24.0,0,0,0,1,0,1,0,0,0,0,0,0,0,0,0,0,0,1,0
212,0,2,2,0,0,1,21.0,35.0,0,0,0,1,0,0,0,0,1,0,0,0,0,0,0,0,0,1,1
213,1,3,6,0,0,1,7.25,22.0,0,0,0,1,0,1,0,0,0,0,0,0,0,0,0,0,0,1,0
214,1,2,5,0,0,1,13.0,30.0,0,0,0,1,0,1,0,0,0,0,0,0,0,0,0,0,0,1,0
215,1,3,6,0,1,0,3.875,25.0,0,0,1,0,0,1,0,0,0,0,0,0,0,0,0,0,0,1,0
216,0,1,1,0,1,0,56.6375,31.0,0,1,0,0,0,0,0,0,1,0,0,0,1,0,0,0,0,0,1
217,0,3,3,0,0,1,7.925,27.0,0,0,0,1,0,0,0,0,1,0,0,0,0,0,0,0,0,1,1
218,1,2,5,0,1,0,13.5,42.0,0,0,0,1,0,1,0,0,0,0,0,0,0,0,0,0,0,1,0
219,0,1,1,0,0,1,76.2917,32.0,0,1,0,0,0,0,0,0,1,0,0,0,1,0,0,0,0,0,1
220,1,2,5,0,0,1,10.5,30.0,0,0,0,1,0,1,0,0,0,0,0,0,0,0,0,0,0,1,0
221,1,3,6,0,0,1,8.05,16.0,1,0,0,1,0,1,0,0,0,0,0,0,0,0,0,0,0,1,1
222,1,2,5,0,0,1,13.0,27.0,0,0,0,1,0,1,0,0,0,0,0,0,0,0,0,0,0,1,0
223,1,3,6,0,0,1,8.05,51.0,0,0,0,1,0,1,0,0,0,0,0,0,0,0,0,0,0,1,0
224,1,3,6,0,0,1,7.8958,25.0,0,0,0,1,0,1,0,0,0,0,0,0,0,0,0,0,0,1,0
225,1,1,4,0,1,0,45.0,38.0,0,0,0,1,0,1,0,0,0,0,0,1,0,0,0,0,0,0,1
226,1,3,6,0,0,1,9.35,22.0,0,0,0,1,0,1,0,0,0,0,0,0,0,0,0,0,0,1,0
227,1,2,5,0,0,1,10.5,19.0,0,0,0,1,0,1,0,0,0,0,0,0,0,0,0,0,0,1,1
228,1,3,6,0,0,1,7.25,20.5,0,0,0,1,0,1,0,0,0,0,0,0,0,0,0,0,0,1,0
229,1,2,5,0,0,1,13.0,18.0,0,0,0,1,0,1,0,0,0,0,0,0,0,0,0,0,0,1,0
230,0,3,3,1,0,0,5.0933399999999995,21.5,0,0,0,1,0,0,0,0,1,0,0,0,0,0,0,0,0,1,0
231,0,1,1,0,1,0,41.7375,35.0,0,0,0,1,0,0,0,0,1,0,0,1,0,0,0,0,0,0,1
232,1,3,6,0,0,1,7.775,29.0,0,0,0,1,0,1,0,0,0,0,0,0,0,0,0,0,0,1,0
233,1,2,5,0,0,1,13.5,59.0,0,0,0,1,0,1,0,0,0,0,0,0,0,0,0,0,0,1,0
234,0,3,3,1,0,0,4.483928571428572,5.0,1,0,0,1,0,0,0,0,1,0,0,0,0,0,0,0,0,1,1
235,1,2,5,0,0,1,10.5,24.0,0,0,0,1,0,1,0,0,0,0,0,0,0,0,0,0,0,1,0
236,0,3,3,0,0,1,7.55,21.5,0,0,0,1,0,0,0,0,1,0,0,0,0,0,0,0,0,1,0
237,1,2,5,0,1,0,13.0,44.0,0,0,0,1,0,1,0,0,0,0,0,0,0,0,0,0,0,1,0
238,0,2,2,0,1,0,8.75,8.0,1,0,0,1,0,0,0,0,1,0,0,0,0,0,0,0,0,1,1
239,1,2,5,0,0,1,10.5,19.0,0,0,0,1,0,1,0,0,0,0,0,0,0,0,0,0,0,1,0
240,1,2,5,0,0,1,12.275,33.0,0,0,0,1,0,1,0,0,0,0,0,0,0,0,0,0,0,1,0
241,0,3,3,0,1,0,7.2271,21.5,0,1,0,0,0,0,0,0,1,0,0,0,0,0,0,0,0,1,0
242,0,3,3,0,1,0,7.75,21.5,0,0,1,0,0,0,0,0,1,0,0,0,0,0,0,0,0,1,1
243,1,2,5,0,0,1,10.5,29.0,0,0,0,1,0,1,0,0,0,0,0,0,0,0,0,0,0,1,0
244,1,3,6,0,0,1,7.125,22.0,0,0,0,1,0,1,0,0,0,0,0,0,0,0,0,0,0,1,0
245,1,3,6,0,0,1,7.225,30.0,0,1,0,0,0,1,0,0,0,0,0,0,0,0,0,0,0,1,0
246,1,1,4,0,1,0,30.0,44.0,0,0,1,0,0,1,0,0,0,0,0,1,0,0,0,0,0,0,0
247,0,3,3,0,0,1,7.775,25.0,0,0,0,1,0,0,0,0,1,0,0,0,0,0,0,0,0,1,0
248,0,2,2,0,1,0,4.833333333333333,24.0,0,0,0,1,0,0,0,0,1,0,0,0,0,0,0,0,0,1,1
249,1,1,4,0,1,0,17.518066666666666,37.0,0,0,0,1,0,1,0,0,0,0,0,0,1,0,0,0,0,0,1
250,1,2,5,0,1,0,13.0,54.0,0,0,0,1,0,0,0,1,0,0,0,0,0,0,0,0,0,1,0
251,1,3,6,0,0,1,7.25,25.0,0,0,0,1,0,1,0,0,0,0,0,0,0,0,0,0,0,1,0
252,0,3,3,0,1,0,3.4875000000000003,29.0,0,0,0,1,0,0,0,0,1,0,0,0,0,0,0,1,0,0,0
253,1,1,4,0,0,1,26.55,62.0,0,0,0,1,0,1,0,0,0,0,0,1,0,0,0,0,0,0,0
254,1,3,6,0,1,0,8.05,30.0,0,0,0,1,0,1,0,0,0,0,0,0,0,0,0,0,0,1,0
255,0,3,3,0,1,0,6.7375,41.0,0,0,0,1,0,0,0,0,1,0,0,0,0,0,0,0,0,1,0
256,0,3,3,0,1,0,5.081933333333333,29.0,0,1,0,0,0,0,0,0,1,0,0,0,0,0,0,0,0,1,1
257,0,1,1,0,0,1,79.2,35.0,0,1,0,0,0,0,0,0,1,0,0,0,0,0,0,0,0,1,1
258,0,1,1,0,0,1,86.5,30.0,0,0,0,1,0,0,0,0,1,0,1,0,0,0,0,0,0,0,1
259,0,1,1,0,0,1,512.3292,35.0,0,1,0,0,0,0,0,0,1,0,0,0,0,0,0,0,0,1,1
260,0,2,2,0,1,0,13.0,50.0,0,0,0,1,0,0,0,0,1,0,0,0,0,0,0,0,0,1,1
261,1,3,6,0,0,1,7.75,25.0,0,0,1,0,0,1,0,0,0,0,0,0,0,0,0,0,0,1,0
262,1,3,6,1,0,0,4.483928571428572,3.0,1,0,0,1,0,1,0,0,0,0,0,0,0,0,0,0,0,1,1
263,1,1,4,0,1,0,26.55,52.0,0,0,0,1,0,1,0,0,0,0,0,0,0,1,0,0,0,0,0
264,1,1,4,0,0,1,30.0,40.0,0,0,0,1,0,1,0,0,0,0,1,0,0,0,0,0,0,0,0
265,0,3,3,0,0,1,7.75,21.5,0,0,1,0,0,0,0,0,1,0,0,0,0,0,0,0,0,1,0
266,1,2,5,0,0,1,10.5,36.0,0,0,0,1,0,1,0,0,0,0,0,0,0,0,0,0,0,1,0
267,1,3,6,1,0,0,6.614583333333333,16.0,1,0,0,1,0,1,0,0,0,0,0,0,0,0,0,0,0,1,0
268,1,3,6,0,1,0,3.8875,25.0,0,0,0,1,0,1,0,0,0,0,0,0,0,0,0,0,0,1,1
269,0,1,1,0,1,0,76.73125,58.0,0,0,0,1,0,0,0,0,1,0,0,1,0,0,0,0,0,0,1
270,0,1,1,0,0,1,135.6333,35.0,0,0,0,1,0,0,0,0,1,0,0,1,0,0,0,0,0,0,1
271,1,1,4,0,0,1,31.0,40.0,0,0,0,1,0,1,0,0,0,0,0,0,0,0,0,0,0,1,0
272,1,3,6,0,0,1,7.8542,25.0,0,0,0,1,0,1,0,0,0,0,0,0,0,0,0,0,0,1,1
273,0,2,2,0,1,0,9.75,41.0,0,0,0,1,0,0,0,0,1,0,0,0,0,0,0,0,0,1,1
274,1,1,4,0,1,0,14.85,37.0,0,1,0,0,0,1,0,0,0,0,0,1,0,0,0,0,0,0,0
275,0,3,3,0,0,1,7.75,21.5,0,0,1,0,0,0,0,0,1,0,0,0,0,0,0,0,0,1,1
276,0,1,1,0,1,0,38.97915,63.0,0,0,0,1,0,0,0,0,1,0,0,0,1,0,0,0,0,0,1
277,0,3,3,0,0,1,7.75,45.0,0,0,0,1,0,0,0,0,1,0,0,0,0,0,0,0,0,1,0
278,1,2,5,0,0,1,13.0,30.0,0,0,0,1,0,1,0,0,0,0,0,0,0,0,0,0,0,1,0
279,1,3,6,1,0,0,4.854166666666667,7.0,1,0,1,0,0,1,0,0,0,0,0,0,0,0,0,0,0,1,0
280,0,3,3,0,1,0,6.75,35.0,0,0,0,1,0,0,0,0,1,0,0,0,0,0,0,0,0,1,1
281,1,3,6,0,0,1,7.75,65.0,0,0,1,0,0,1,0,0,0,0,0,0,0,0,0,0,0,1,0
282,1,3,6,0,0,1,7.8542,28.0,0,0,0,1,0,1,0,0,0,0,0,0,0,0,0,0,0,1,0
283,1,3,6,0,0,1,9.5,16.0,1,0,0,1,0,1,0,0,0,0,0,0,0,0,0,0,0,1,0
284,1,3,6,0,0,1,8.05,19.0,0,0,0,1,0,1,0,0,0,0,0,0,0,0,0,0,0,1,1
285,1,1,4,0,0,1,26.0,40.0,0,0,0,1,0,1,0,0,0,1,0,0,0,0,0,0,0,0,0
286,1,3,6,0,0,1,8.6625,33.0,0,1,0,0,0,1,0,0,0,0,0,0,0,0,0,0,0,1,0
287,1,3,6,0,0,1,9.5,30.0,0,0,0,1,0,1,0,0,0,0,0,0,0,0,0,0,0,1,1
288,1,3,6,0,0,1,7.8958,22.0,0,0,0,1,0,1,0,0,0,0,0,0,0,0,0,0,0,1,0
289,1,2,5,0,0,1,13.0,42.0,0,0,0,1,0,1,0,0,0,0,0,0,0,0,0,0,0,1,1
290,0,3,3,0,0,1,7.75,22.0,0,0,1,0,0,0,0,0,1,0,0,0,0,0,0,0,0,1,1
291,0,1,1,0,0,1,78.85,26.0,0,0,0,1,0,0,0,0,1,0,0,0,0,0,0,0,0,1,1
292,0,1,1,0,1,0,45.5396,19.0,0,1,0,0,0,0,0,0,1,0,1,0,0,0,0,0,0,0,1
293,1,2,5,0,0,1,12.875,36.0,0,1,0,0,0,1,0,0,0,0,0,0,1,0,0,0,0,0,0
294,0,3,3,0,0,1,8.85,24.0,0,0,0,1,0,0,0,0,1,0,0,0,0,0,0,0,0,1,0
295,1,3,6,0,0,1,7.8958,24.0,0,0,0,1,0,1,0,0,0,0,0,0,0,0,0,0,0,1,0
296,1,1,4,0,0,1,27.7208,40.0,0,1,0,0,0,1,0,0,0,0,0,0,0,0,0,0,0,1,0
297,1,3,6,0,0,1,7.2292,23.5,0,1,0,0,0,1,0,0,0,0,0,0,0,0,0,0,0,1,0
298,0,1,1,0,1,0,37.8875,2.0,1,0,0,1,0,0,0,0,1,0,0,1,0,0,0,0,0,0,0
299,1,1,4,0,0,1,30.5,40.0,0,0,0,1,0,1,0,0,0,0,0,1,0,0,0,0,0,0,1
300,0,1,1,0,1,0,123.7604,50.0,0,1,0,0,0,0,0,0,1,0,1,0,0,0,0,0,0,0,1
301,0,3,3,0,0,1,7.75,21.5,0,0,1,0,0,0,0,0,1,0,0,0,0,0,0,0,0,1,1
302,1,3,6,0,1,0,7.75,25.0,0,0,1,0,0,1,0,0,0,0,0,0,0,0,0,0,0,1,1
303,1,3,6,0,0,1,7.8542,19.0,0,0,0,1,0,1,0,0,0,0,0,0,0,0,0,0,0,1,0
304,0,2,2,0,0,1,12.35,28.0,0,0,1,0,0,0,0,0,1,0,0,0,0,1,0,0,0,0,1
305,1,3,6,0,0,1,8.05,25.0,0,0,0,1,0,1,0,0,0,0,0,0,0,0,0,0,0,1,0
306,1,1,4,0,1,0,37.8875,0.92,1,0,0,1,0,1,0,0,0,0,0,1,0,0,0,0,0,0,1
307,0,1,1,0,0,1,110.8833,35.0,0,1,0,0,0,0,0,0,1,0,0,0,0,0,0,0,0,1,1
308,0,1,1,0,1,0,54.45,17.0,0,1,0,0,0,0,0,0,1,0,0,1,0,0,0,0,0,0,1
309,1,2,5,0,1,0,12.0,30.0,0,1,0,0,0,1,0,0,0,0,0,0,0,0,0,0,0,1,0
310,0,1,1,0,0,1,56.9292,30.0,0,1,0,0,0,0,0,0,1,0,0,0,0,1,0,0,0,0,1
311,0,1,1,0,0,1,83.1583,24.0,0,1,0,0,0,0,0,0,1,0,0,1,0,0,0,0,0,0,1
312,0,1,1,1,0,0,52.475,18.0,0,1,0,0,0,0,0,0,1,0,1,0,0,0,0,0,0,0,1
313,0,2,2,0,1,0,8.666666666666666,26.0,0,0,0,1,0,0,0,0,1,0,0,0,0,0,0,0,0,1,0
314,1,3,6,0,0,1,7.8958,28.0,0,0,0,1,0,1,0,0,0,0,0,0,0,0,0,0,0,1,0
315,1,2,5,0,1,0,8.75,43.0,0,0,0,1,0,1,0,0,0,0,0,0,0,0,0,0,0,1,0
316,0,3,3,0,0,1,7.8542,26.0,0,0,0,1,0,0,0,0,1,0,0,0,0,0,0,0,0,1,1
317,0,2,2,0,1,0,13.0,24.0,0,0,0,1,0,0,0,0,1,0,0,0,0,0,0,0,0,1,1
318,1,2,5,0,0,1,14.0,54.0,0,0,0,1,0,1,0,0,0,0,0,0,0,0,0,0,0,1,0
319,0,1,1,0,1,0,54.95556666666667,31.0,0,0,0,1,0,0,0,0,1,0,0,1,0,0,0,0,0,0,1
320,0,1,1,0,1,0,44.833333333333336,40.0,0,1,0,0,0,0,0,0,1,0,0,0,0,1,0,0,0,0,1
321,1,3,6,0,0,1,7.25,22.0,0,0,0,1,0,1,0,0,0,0,0,0,0,0,0,0,0,1,0
322,1,3,6,0,0,1,7.8958,27.0,0,0,0,1,0,1,0,0,0,0,0,0,0,0,0,0,0,1,0
323,0,2,2,0,0,1,12.35,30.0,0,0,1,0,0,0,0,0,1,0,0,0,0,0,0,0,0,1,1
324,0,2,2,0,1,0,9.666666666666666,22.0,0,0,0,1,0,0,0,0,1,0,0,0,0,0,0,0,0,1,1
325,1,3,6,1,0,0,6.322727272727272,25.0,0,0,0,1,0,1,0,0,0,0,0,0,0,0,0,0,0,1,0
326,0,1,1,0,0,1,135.6333,36.0,0,1,0,0,0,0,0,0,1,0,0,1,0,0,0,0,0,0,1
327,1,3,6,0,0,1,6.2375,61.0,0,0,0,1,0,1,0,0,0,0,0,0,0,0,0,0,0,1,0
328,0,2,2,0,0,1,13.0,36.0,0,0,0,1,0,0,0,0,1,0,0,0,1,0,0,0,0,0,1
329,0,3,3,0,1,0,6.841666666666666,31.0,0,0,0,1,0,0,0,0,1,0,0,0,0,0,0,0,0,1,1
330,0,1,1,0,1,0,28.9896,16.0,1,1,0,0,0,0,0,0,1,0,1,0,0,0,0,0,0,0,1
331,0,3,3,0,1,0,7.75,21.5,0,0,1,0,0,0,0,0,1,0,0,0,0,0,0,0,0,1,1
332,1,1,4,0,0,1,28.5,45.5,0,0,0,1,0,1,0,0,0,0,0,1,0,0,0,0,0,0,0
333,1,1,4,0,1,0,76.73125,38.0,0,0,0,1,0,1,0,0,0,0,0,1,0,0,0,0,0,0,0
334,1,3,6,0,1,0,6.0,16.0,1,0,0,1,0,1,0,0,0,0,0,0,0,0,0,0,0,1,0
335,0,1,1,0,1,0,66.825,35.0,0,0,0,1,0,0,0,0,1,0,0,0,0,0,0,0,0,1,1
336,1,3,6,0,0,1,7.8958,25.0,0,0,0,1,0,1,0,0,0,0,0,0,0,0,0,0,0,1,0
337,1,1,4,0,1,0,33.3,29.0,0,0,0,1,0,1,0,0,0,0,0,1,0,0,0,0,0,0,0
338,0,1,1,0,0,1,134.5,41.0,0,1,0,0,0,0,0,0,1,0,0,0,0,1,0,0,0,0,1
339,1,3,6,0,0,1,8.05,45.0,0,0,0,1,0,1,0,0,0,0,0,0,0,0,0,0,0,1,1
340,1,1,4,0,0,1,35.5,45.0,0,0,0,1,0,1,0,0,0,0,0,0,0,0,0,0,1,0,0
341,1,2,5,0,1,0,8.666666666666666,2.0,1,0,0,1,0,1,0,0,0,0,0,0,0,0,1,0,0,0,1
342,0,1,1,1,0,0,43.833333333333336,24.0,0,0,0,1,0,0,0,0,1,0,0,1,0,0,0,0,0,0,1
343,1,2,5,0,0,1,13.0,28.0,0,0,0,1,0,1,0,0,0,0,0,0,0,0,0,0,0,1,0
344,1,2,5,0,0,1,13.0,25.0,0,0,0,1,0,1,0,0,0,0,0,0,0,0,0,0,0,1,0
345,1,2,5,0,0,1,13.0,36.0,0,0,0,1,0,1,0,0,0,0,0,0,0,0,0,0,0,1,0
346,0,2,2,0,0,1,13.0,24.0,0,0,0,1,0,0,0,0,1,0,0,0,0,0,1,0,0,0,1
347,0,2,2,0,0,1,13.0,40.0,0,0,0,1,0,0,0,0,1,0,0,0,0,0,0,0,0,1,1
348,0,3,3,0,1,0,8.05,21.5,0,0,0,1,0,0,0,0,1,0,0,0,0,0,0,0,0,1,1
349,1,3,6,0,1,0,5.3,3.0,1,0,0,1,0,1,0,0,0,0,0,0,0,0,0,0,0,1,1
350,1,3,6,0,0,1,8.6625,42.0,0,0,0,1,0,1,0,0,0,0,0,0,0,0,0,0,0,1,0
351,1,3,6,0,0,1,9.225,23.0,0,0,0,1,0,1,0,0,0,0,0,0,0,0,0,0,0,1,0
352,1,1,4,0,0,1,35.0,40.0,0,0,0,1,0,1,0,0,0,0,0,1,0,0,0,0,0,0,0
353,1,3,6,0,1,0,2.409733333333333,15.0,1,1,0,0,0,1,0,0,0,0,0,0,0,0,0,0,0,1,0
354,1,3,6,0,1,0,8.9,25.0,0,0,0,1,0,1,0,0,0,0,0,0,0,0,0,0,0,1,0
355,1,3,6,0,0,1,7.225,25.0,0,1,0,0,0,1,0,0,0,0,0,0,0,0,0,0,0,1,0
356,1,3,6,0,0,1,9.5,28.0,0,0,0,1,0,1,0,0,0,0,0,0,0,0,0,0,0,1,0
357,0,1,1,0,1,0,27.5,22.0,0,0,0,1,0,0,0,0,1,0,0,0,0,1,0,0,0,0,1
358,0,2,2,0,0,1,13.0,38.0,0,0,0,1,0,0,0,0,1,0,0,0,0,0,0,0,0,1,0
359,0,3,3,0,0,1,7.8792,21.5,0,0,1,0,0,0,0,0,1,0,0,0,0,0,0,0,0,1,1
360,0,3,3,0,0,1,7.8792,21.5,0,0,1,0,0,0,0,0,1,0,0,0,0,0,0,0,0,1,1
361,1,3,6,1,0,0,4.6499999999999995,40.0,0,0,0,1,0,1,0,0,0,0,0,0,0,0,0,0,0,1,0
362,1,2,5,0,1,0,13.8604,29.0,0,1,0,0,0,1,0,0,0,0,0,0,0,0,0,0,0,1,0
363,0,3,3,0,1,0,7.2271,45.0,0,1,0,0,0,0,0,0,1,0,0,0,0,0,0,0,0,1,0
364,1,3,6,0,0,1,7.05,35.0,0,0,0,1,0,1,0,0,0,0,0,0,0,0,0,0,0,1,0
365,1,3,6,0,1,0,7.75,25.0,0,0,1,0,0,1,0,0,0,0,0,0,0,0,0,0,0,1,0
366,1,3,6,0,0,1,7.25,30.0,0,0,0,1,0,1,0,0,0,0,0,0,0,0,0,0,0,1,0
367,0,1,1,0,1,0,37.625,60.0,0,1,0,0,0,0,0,0,1,0,0,0,1,0,0,0,0,0,1
368,0,3,3,0,0,1,7.2292,21.5,0,1,0,0,0,0,0,0,1,0,0,0,0,0,0,0,0,1,1
369,0,3,3,0,0,1,7.75,21.5,0,0,1,0,0,0,0,0,1,0,0,0,0,0,0,0,0,1,1
370,0,1,1,0,0,1,69.3,24.0,0,1,0,0,0,0,0,0,1,0,1,0,0,0,0,0,0,0,1
371,1,1,4,0,1,0,27.72085,25.0,0,1,0,0,0,1,0,0,0,0,0,0,0,1,0,0,0,0,1
372,1,3,6,0,1,0,3.2479,18.0,0,0,0,1,0,1,0,0,0,0,0,0,0,0,0,0,0,1,0
373,1,3,6,0,0,1,8.05,19.0,0,0,0,1,0,1,0,0,0,0,0,0,0,0,0,0,0,1,0
374,1,1,4,0,0,1,135.6333,22.0,0,1,0,0,0,1,0,0,0,0,0,0,0,0,0,0,0,1,0
375,0,3,3,1,0,0,4.215,3.0,1,0,0,1,0,0,0,0,1,0,0,0,0,0,0,0,0,1,0
376,0,1,1,0,1,0,41.0854,35.0,0,1,0,0,0,0,0,0,1,0,0,0,0,0,0,0,0,1,1
377,0,3,3,0,0,1,7.25,22.0,0,0,0,1,0,0,0,0,1,0,0,0,0,0,0,0,0,1,1
378,1,1,4,0,1,0,70.5,27.0,0,1,0,0,0,1,0,0,0,0,0,1,0,0,0,0,0,0,0
379,1,3,6,0,0,1,4.0125,20.0,0,1,0,0,0,1,0,0,0,0,0,0,0,0,0,0,0,1,0
380,1,3,6,0,0,1,7.775,19.0,0,0,0,1,0,1,0,0,0,0,0,0,0,0,0,0,0,1,0
381,0,1,1,0,0,1,227.525,42.0,0,1,0,0,0,0,0,0,1,0,0,0,0,0,0,0,0,1,1
382,0,3,3,0,1,0,5.247233333333333,1.0,1,1,0,0,0,0,0,0,1,0,0,0,0,0,0,0,0,1,1
383,1,3,6,0,0,1,7.925,32.0,0,0,0,1,0,1,0,0,0,0,0,0,0,0,0,0,0,1,0
384,0,1,1,0,1,0,26.0,35.0,0,0,0,1,0,0,0,0,1,0,0,0,0,0,0,0,0,1,1
385,1,3,6,0,0,1,7.8958,25.0,0,0,0,1,0,1,0,0,0,0,0,0,0,0,0,0,0,1,0
386,1,2,5,0,0,1,73.5,18.0,0,0,0,1,0,1,0,0,0,0,0,0,0,0,0,0,0,1,0
387,1,3,6,1,0,0,5.8625,1.0,1,0,0,1,0,1,0,0,0,0,0,0,0,0,0,0,0,1,0
388,0,2,2,0,0,1,13.0,36.0,0,0,0,1,0,0,0,0,1,0,0,0,0,0,0,0,0,1,1
389,1,3,6,0,0,1,7.7292,25.0,0,0,1,0,0,1,0,0,0,0,0,0,0,0,0,0,0,1,0
390,0,2,2,0,0,1,12.0,17.0,0,1,0,0,0,0,0,0,1,0,0,0,0,0,0,0,0,1,1
391,1,1,4,0,1,0,30.0,36.0,0,0,0,1,0,1,0,0,0,0,1,0,0,0,0,0,0,0,1
392,1,3,6,0,0,1,7.7958,21.0,0,0,0,1,0,1,0,0,0,0,0,0,0,0,0,0,0,1,1
393,1,3,6,0,1,0,2.6416666666666666,28.0,0,0,0,1,0,1,0,0,0,0,0,0,0,0,0,0,0,1,0
394,0,1,1,0,1,0,56.6375,23.0,0,1,0,0,0,0,0,0,1,0,0,0,1,0,0,0,0,0,1
395,0,3,3,0,1,0,5.566666666666666,24.0,0,0,0,1,0,0,0,0,1,0,0,0,0,0,0,1,0,0,1
396,1,3,6,0,0,1,7.7958,22.0,0,0,0,1,0,1,0,0,0,0,0,0,0,0,0,0,0,1,0
397,0,3,3,0,0,1,7.8542,31.0,0,0,0,1,0,0,0,0,1,0,0,0,0,0,0,0,0,1,0
398,1,2,5,0,0,1,26.0,46.0,0,0,0,1,0,1,0,0,0,0,0,0,0,0,0,0,0,1,0
399,1,2,5,0,0,1,10.5,23.0,0,0,0,1,0,1,0,0,0,0,0,0,0,0,0,0,0,1,0
400,0,2,2,0,0,1,12.65,28.0,0,0,0,1,0,0,0,0,1,0,0,0,0,0,0,0,0,1,1
401,1,3,6,0,0,1,7.925,39.0,0,0,0,1,0,1,0,0,0,0,0,0,0,0,0,0,0,1,1
402,1,3,6,0,0,1,8.05,26.0,0,0,0,1,0,1,0,0,0,0,0,0,0,0,0,0,0,1,0
403,0,3,3,0,1,0,4.9125,21.0,0,0,0,1,0,0,0,0,1,0,0,0,0,0,0,0,0,1,0
404,1,3,6,0,1,0,7.925,28.0,0,0,0,1,0,1,0,0,0,0,0,0,0,0,0,0,0,1,0
405,0,3,3,0,0,1,8.6625,20.0,0,0,0,1,0,0,0,0,1,0,0,0,0,0,0,0,0,1,0
406,1,2,5,0,1,0,10.5,34.0,0,0,0,1,0,1,0,0,0,0,0,0,0,0,0,0,0,1,0
407,1,3,6,0,0,1,7.75,51.0,0,0,0,1,0,1,0,0,0,0,0,0,0,0,0,0,0,1,0
408,1,2,5,0,1,0,6.25,3.0,1,0,0,1,0,1,0,0,0,0,0,0,0,0,0,0,0,1,1
409,1,3,6,0,0,1,7.775,21.0,0,0,0,1,0,1,0,0,0,0,0,0,0,0,0,0,0,1,0
410,0,3,3,1,0,0,5.0933399999999995,21.5,0,0,0,1,0,0,0,0,1,0,0,0,0,0,0,0,0,1,0
411,1,3,6,0,0,1,7.8958,25.0,0,0,0,1,0,1,0,0,0,0,0,0,0,0,0,0,0,1,0
412,1,3,6,0,0,1,6.8583,25.0,0,0,1,0,0,1,0,0,0,0,0,0,0,0,0,0,0,1,0
413,0,1,1,0,1,0,45.0,33.0,0,0,1,0,0,0,0,0,1,0,0,1,0,0,0,0,0,0,1
414,1,2,5,0,0,1,13.0,30.0,0,0,0,1,0,1,0,0,0,0,0,0,0,0,0,0,0,1,0
415,1,3,6,0,0,1,7.925,44.0,0,0,0,1,0,1,0,0,0,0,0,0,0,0,0,0,0,1,1
416,0,3,3,0,0,1,8.05,21.5,0,0,0,1,0,0,0,0,1,0,0,0,0,0,0,0,0,1,0
417,0,2,2,0,1,0,10.833333333333334,34.0,0,0,0,1,0,0,0,0,1,0,0,0,0,0,0,0,0,1,1
418,0,2,2,0,1,0,4.333333333333333,18.0,0,0,0,1,0,0,0,0,1,0,0,0,0,0,0,0,0,1,1
419,1,2,5,0,0,1,13.0,30.0,0,0,0,1,0,1,0,0,0,0,0,0,0,0,0,0,0,1,0
420,0,3,3,0,1,0,8.049999999999999,10.0,1,0,0,1,0,0,0,0,1,0,0,0,0,0,0,0,0,1,0
421,1,3,6,0,0,1,7.8958,25.0,0,1,0,0,0,1,0,0,0,0,0,0,0,0,0,0,0,1,0
422,1,3,6,0,0,1,7.7333,21.0,0,0,1,0,0,1,0,0,0,0,0,0,0,0,0,0,0,1,0
423,1,3,6,0,0,1,7.875,29.0,0,0,0,1,0,1,0,0,0,0,0,0,0,0,0,0,0,1,0
424,0,3,3,0,1,0,4.8,28.0,0,0,0,1,0,0,0,0,1,0,0,0,0,0,0,0,0,1,0
425,1,3,6,0,1,0,6.7375,18.0,0,0,0,1,0,1,0,0,0,0,0,0,0,0,0,0,0,1,0
426,1,3,6,0,0,1,7.25,25.0,0,0,0,1,0,1,0,0,0,0,0,0,0,0,0,0,0,1,0
427,0,2,2,0,1,0,13.0,28.0,0,0,0,1,0,0,0,0,1,0,0,0,0,0,0,0,0,1,1
428,0,2,2,0,0,1,26.0,19.0,0,0,0,1,0,0,0,0,1,0,0,0,0,0,0,0,0,1,1
429,1,3,6,0,0,1,7.75,25.0,0,0,1,0,0,1,0,0,0,0,0,0,0,0,0,0,0,1,0
430,1,3,6,0,0,1,8.05,32.0,0,0,0,1,0,1,0,0,0,0,0,0,0,1,0,0,0,0,1
431,1,1,4,0,0,1,26.55,28.0,0,0,0,1,0,1,0,0,0,0,0,1,0,0,0,0,0,0,1
432,0,3,3,0,1,0,8.05,21.5,0,0,0,1,0,0,0,0,1,0,0,0,0,0,0,0,0,1,1
433,0,2,2,0,1,0,13.0,42.0,0,0,0,1,0,0,0,0,1,0,0,0,0,0,0,0,0,1,1
434,1,3,6,0,0,1,7.125,17.0,0,0,0,1,0,1,0,0,0,0,0,0,0,0,0,0,0,1,0
435,1,1,4,0,1,0,27.95,50.0,0,0,0,1,0,1,0,0,0,0,0,0,0,1,0,0,0,0,0
436,0,1,1,0,1,0,30.0,14.0,1,0,0,1,0,0,0,0,1,0,1,0,0,0,0,0,0,0,1
437,0,3,3,1,0,0,6.875,21.0,0,0,0,1,0,0,0,0,1,0,0,0,0,0,0,0,0,1,0
438,0,2,2,1,0,0,3.125,24.0,0,0,0,1,0,0,0,0,1,0,0,0,0,0,0,0,0,1,1
439,1,1,4,1,0,0,43.833333333333336,64.0,0,0,0,1,0,1,0,0,0,0,0,1,0,0,0,0,0,0,0
440,1,2,5,0,0,1,10.5,31.0,0,0,0,1,0,1,0,0,0,0,0,0,0,0,0,0,0,1,0
441,0,2,2,0,1,0,8.75,45.0,0,0,0,1,0,0,0,0,1,0,0,0,0,0,0,0,0,1,1
442,1,3,6,0,0,1,9.5,20.0,0,0,0,1,0,1,0,0,0,0,0,0,0,0,0,0,0,1,0
443,1,3,6,0,1,0,3.8875,25.0,0,0,0,1,0,1,0,0,0,0,0,0,0,0,0,0,0,1,0
444,0,2,2,0,0,1,13.0,28.0,0,0,0,1,0,0,0,0,1,0,0,0,0,0,0,0,0,1,1
445,1,3,6,0,0,1,8.1125,25.0,0,0,0,1,0,1,0,0,0,0,0,0,0,0,0,0,0,1,1
446,1,1,4,0,1,0,27.2861,4.0,1,0,0,1,0,1,0,0,0,1,0,0,0,0,0,0,0,0,1
447,0,2,2,0,1,0,9.75,13.0,1,0,0,1,0,0,0,0,1,0,0,0,0,0,0,0,0,1,1
448,1,1,4,0,0,1,26.55,34.0,0,0,0,1,0,1,0,0,0,0,0,0,0,0,0,0,0,1,1
449,0,3,3,0,1,0,4.814575,5.0,1,1,0,0,0,0,0,0,1,0,0,0,0,0,0,0,0,1,1
450,1,1,4,0,0,1,30.5,52.0,0,0,0,1,0,1,0,0,0,0,0,1,0,0,0,0,0,0,1
451,1,2,5,0,1,0,6.9375,36.0,0,0,0,1,0,1,0,0,0,0,0,0,0,0,0,0,0,1,0
452,1,3,6,0,1,0,9.98335,25.0,0,0,0,1,0,1,0,0,0,0,0,0,0,0,0,0,0,1,0
453,1,1,4,0,0,1,27.75,30.0,0,1,0,0,0,1,0,0,0,0,0,1,0,0,0,0,0,0,0
454,1,1,4,0,1,0,44.5521,49.0,0,1,0,0,0,1,0,0,0,0,0,1,0,0,0,0,0,0,1
455,1,3,6,0,0,1,8.05,25.0,0,0,0,1,0,1,0,0,0,0,0,0,0,0,0,0,0,1,0
456,1,3,6,0,0,1,7.8958,29.0,0,1,0,0,0,1,0,0,0,0,0,0,0,0,0,0,0,1,1
457,1,1,4,0,0,1,26.55,65.0,0,0,0,1,0,1,0,0,0,0,0,0,0,1,0,0,0,0,0
458,0,1,1,0,1,0,25.93125,35.0,0,0,0,1,0,0,0,0,1,0,0,0,1,0,0,0,0,0,1
459,0,2,2,0,0,1,10.5,50.0,0,0,0,1,0,0,0,0,1,0,0,0,0,0,0,0,0,1,1
460,1,3,6,0,0,1,7.75,25.0,0,0,1,0,0,1,0,0,0,0,0,0,0,0,0,0,0,1,0
461,1,1,4,0,0,1,26.55,48.0,0,0,0,1,0,1,0,0,0,0,0,0,0,1,0,0,0,0,1
462,1,3,6,0,0,1,8.05,34.0,0,0,0,1,0,1,0,0,0,0,0,0,0,0,0,0,0,1,0
463,1,1,4,0,0,1,38.5,47.0,0,0,0,1,0,1,0,0,0,0,0,0,0,1,0,0,0,0,0
464,1,2,5,0,0,1,13.0,48.0,0,0,0,1,0,1,0,0,0,0,0,0,0,0,0,0,0,1,0
465,1,3,6,0,0,1,8.05,25.0,0,0,0,1,0,1,0,0,0,0,0,0,0,0,0,0,0,1,0
466,1,3,6,0,0,1,7.05,38.0,0,0,0,1,0,1,0,0,0,0,0,0,0,0,0,0,0,1,0
467,1,2,5,0,0,1,13.0,30.0,0,0,0,1,0,1,0,0,0,0,0,0,0,0,0,0,0,1,0
468,1,1,4,0,0,1,26.55,56.0,0,0,0,1,0,1,0,0,0,0,0,0,0,0,0,0,0,1,0
469,1,3,6,0,0,1,7.725,25.0,0,0,1,0,0,1,0,0,0,0,0,0,0,0,0,0,0,1,0
470,0,3,3,0,1,0,4.814575,0.75,1,1,0,0,0,0,0,0,1,0,0,0,0,0,0,0,0,1,1
471,1,3,6,0,0,1,7.25,25.0,0,0,0,1,0,1,0,0,0,0,0,0,0,0,0,0,0,1,0
472,1,3,6,0,0,1,8.6625,38.0,0,0,0,1,0,1,0,0,0,0,0,0,0,0,0,0,0,1,0
473,0,2,2,0,1,0,6.9375,33.0,0,0,0,1,0,0,0,0,1,0,0,0,0,0,0,0,0,1,1
474,0,2,2,0,0,1,13.7917,23.0,0,1,0,0,0,0,0,0,1,0,0,0,1,0,0,0,0,0,1
475,0,3,3,0,0,1,9.8375,22.0,0,0,0,1,0,0,0,0,1,0,0,0,0,0,0,0,0,1,0
476,1,1,4,0,0,1,52.0,40.0,0,0,0,1,0,1,0,0,0,1,0,0,0,0,0,0,0,0,0
477,1,2,5,0,1,0,10.5,34.0,0,0,0,1,0,1,0,0,0,0,0,0,0,0,0,0,0,1,0
478,1,3,6,0,1,0,3.5229,29.0,0,0,0,1,0,1,0,0,0,0,0,0,0,0,0,0,0,1,0
479,1,3,6,0,0,1,7.5208,22.0,0,0,0,1,0,1,0,0,0,0,0,0,0,0,0,0,0,1,0
480,0,3,3,0,1,0,6.14375,2.0,1,0,0,1,0,0,0,0,1,0,0,0,0,0,0,0,0,1,1
481,1,3,6,1,0,0,5.8625,9.0,1,0,0,1,0,1,0,0,0,0,0,0,0,0,0,0,0,1,0
482,1,2,5,0,0,1,13.0,30.0,0,0,0,1,0,1,0,0,0,0,0,0,0,0,0,0,0,1,0
483,1,3,6,0,0,1,8.05,50.0,0,0,0,1,0,1,0,0,0,0,0,0,0,0,0,0,0,1,0
484,0,3,3,0,0,1,9.5875,63.0,0,0,0,1,0,0,0,0,1,0,0,0,0,0,0,0,0,1,1
485,1,1,4,0,1,0,45.5396,25.0,0,1,0,0,0,1,0,0,0,0,1,0,0,0,0,0,0,0,1
486,0,3,3,1,0,0,5.0933399999999995,21.5,0,0,0,1,0,0,0,0,1,0,0,0,0,0,0,0,0,1,0
487,0,1,1,0,1,0,45.0,35.0,0,0,0,1,0,0,0,0,1,0,0,1,0,0,0,0,0,0,1
488,1,1,4,0,0,1,29.7,58.0,0,1,0,0,0,1,0,0,0,0,1,0,0,0,0,0,0,0,0
489,1,3,6,0,0,1,8.05,30.0,0,0,0,1,0,1,0,0,0,0,0,0,0,0,0,0,0,1,0
490,1,3,6,0,1,0,5.3,9.0,1,0,0,1,0,1,0,0,0,0,0,0,0,0,0,0,0,1,1
491,1,3,6,0,1,0,9.98335,25.0,0,0,0,1,0,1,0,0,0,0,0,0,0,0,0,0,0,1,0
492,1,3,6,0,0,1,7.25,21.0,0,0,0,1,0,1,0,0,0,0,0,0,0,0,0,0,0,1,0
493,1,1,4,0,0,1,30.5,55.0,0,0,0,1,0,1,0,0,0,0,0,1,0,0,0,0,0,0,0
494,1,1,4,0,0,1,49.5042,71.0,0,1,0,0,0,1,0,0,0,0,0,0,0,0,0,0,0,1,0
495,1,3,6,0,0,1,8.05,21.0,0,0,0,1,0,1,0,0,0,0,0,0,0,0,0,0,0,1,0
496,1,3,6,0,0,1,14.4583,25.0,0,1,0,0,0,1,0,0,0,0,0,0,0,0,0,0,0,1,0
497,0,1,1,0,1,0,39.13335,54.0,0,1,0,0,0,0,0,0,1,0,0,0,1,0,0,0,0,0,1
498,1,3,6,0,0,1,15.1,25.0,0,0,0,1,0,1,0,0,0,0,0,0,0,0,0,0,0,1,0
499,0,1,1,0,1,0,37.8875,25.0,0,0,0,1,0,0,0,0,1,0,0,1,0,0,0,0,0,0,0
500,1,3,6,0,0,1,7.7958,24.0,0,0,0,1,0,1,0,0,0,0,0,0,0,0,0,0,0,1,0
501,1,3,6,0,0,1,8.6625,17.0,0,0,0,1,0,1,0,0,0,0,0,0,0,0,0,0,0,1,0
502,0,3,3,0,0,1,7.75,21.0,0,0,1,0,0,0,0,0,1,0,0,0,0,0,0,0,0,1,0
503,0,3,3,0,0,1,7.6292,21.5,0,0,1,0,0,0,0,0,1,0,0,0,0,0,0,0,0,1,0
504,0,3,3,0,0,1,9.5875,37.0,0,0,0,1,0,0,0,0,1,0,0,0,0,0,0,0,0,1,0
505,0,1,1,0,0,1,86.5,16.0,1,0,0,1,0,0,0,0,1,0,1,0,0,0,0,0,0,0,1
506,1,1,4,0,1,0,54.45,18.0,0,1,0,0,0,1,0,0,0,0,0,1,0,0,0,0,0,0,0
507,0,2,2,0,1,0,8.666666666666666,33.0,0,0,0,1,0,0,0,0,1,0,0,0,0,0,0,0,0,1,1
508,1,1,4,0,0,1,26.55,40.0,0,0,0,1,0,1,0,0,0,0,0,0,0,0,0,0,0,1,1
509,1,3,6,0,0,1,22.525,28.0,0,0,0,1,0,1,0,0,0,0,0,0,0,0,0,0,0,1,0
510,1,3,6,0,0,1,56.4958,26.0,0,0,0,1,0,1,0,0,0,0,0,0,0,0,0,0,0,1,1
511,1,3,6,0,0,1,7.75,29.0,0,0,1,0,0,1,0,0,0,0,0,0,0,0,0,0,0,1,1
512,1,3,6,0,0,1,8.05,25.0,0,0,0,1,0,1,0,0,0,0,0,0,0,0,0,0,0,1,0
513,1,1,4,0,0,1,26.2875,36.0,0,0,0,1,0,1,0,0,0,0,0,0,0,1,0,0,0,0,1
514,0,1,1,0,1,0,29.7,54.0,0,1,0,0,0,0,0,0,1,0,0,0,0,0,0,0,0,1,1
515,1,3,6,0,0,1,7.4958,24.0,0,0,0,1,0,1,0,0,0,0,0,0,0,0,0,0,0,1,0
516,1,1,4,0,0,1,34.0208,47.0,0,0,0,1,0,1,0,0,0,0,0,0,1,0,0,0,0,0,0
517,0,2,2,0,0,1,10.5,34.0,0,0,0,1,0,0,0,0,1,0,0,0,0,0,1,0,0,0,1
518,1,3,6,0,0,1,24.15,25.0,0,0,1,0,0,1,0,0,0,0,0,0,0,0,0,0,0,1,0
519,0,2,2,0,1,0,13.0,36.0,0,0,0,1,0,0,0,0,1,0,0,0,0,0,0,0,0,1,1
520,1,3,6,0,0,1,7.8958,32.0,0,0,0,1,0,1,0,0,0,0,0,0,0,0,0,0,0,1,0
521,0,1,1,0,0,1,93.5,30.0,0,0,0,1,0,0,0,0,1,0,1,0,0,0,0,0,0,0,1
522,1,3,6,0,0,1,7.8958,22.0,0,0,0,1,0,1,0,0,0,0,0,0,0,0,0,0,0,1,0
523,1,3,6,0,0,1,7.225,25.0,0,1,0,0,0,1,0,0,0,0,0,0,0,0,0,0,0,1,0
524,0,1,1,0,1,0,28.9896,44.0,0,1,0,0,0,0,0,0,1,0,1,0,0,0,0,0,0,0,1
525,1,3,6,0,0,1,7.2292,25.0,0,1,0,0,0,1,0,0,0,0,0,0,0,0,0,0,0,1,0
526,1,3,6,0,0,1,7.75,40.5,0,0,1,0,0,1,0,0,0,0,0,0,0,0,0,0,0,1,0
527,0,2,2,0,0,1,10.5,50.0,0,0,0,1,0,0,0,0,1,0,0,0,0,0,0,0,0,1,1
528,1,1,4,0,0,1,221.7792,40.0,0,0,0,1,0,1,0,0,0,0,0,1,0,0,0,0,0,0,0
529,1,3,6,0,0,1,7.925,39.0,0,0,0,1,0,1,0,0,0,0,0,0,0,0,0,0,0,1,0
530,1,2,5,0,1,0,2.875,23.0,0,0,0,1,0,1,0,0,0,0,0,0,0,0,0,0,0,1,0
531,0,2,2,0,1,0,8.666666666666666,2.0,1,0,0,1,0,0,0,0,1,0,0,0,0,0,0,0,0,1,1
532,1,3,6,0,0,1,7.2292,25.0,0,1,0,0,0,1,0,0,0,0,0,0,0,0,0,0,0,1,0
533,1,3,6,0,1,0,2.409733333333333,17.0,0,1,0,0,0,1,0,0,0,0,0,0,0,0,0,0,0,1,0
534,0,3,3,0,1,0,7.452766666666666,21.5,0,1,0,0,0,0,0,0,1,0,0,0,0,0,0,0,0,1,1
535,0,3,3,0,0,1,8.6625,30.0,0,0,0,1,0,0,0,0,1,0,0,0,0,0,0,0,0,1,0
536,0,2,2,0,1,0,8.75,7.0,1,0,0,1,0,0,0,0,1,0,0,0,0,0,0,0,0,1,1
537,1,1,4,0,0,1,26.55,45.0,0,0,0,1,0,1,0,0,0,0,1,0,0,0,0,0,0,0,0
538,0,1,1,0,0,1,106.425,30.0,0,1,0,0,0,0,0,0,1,0,0,0,0,0,0,0,0,1,1
539,1,3,6,0,0,1,14.5,25.0,0,0,0,1,0,1,0,0,0,0,0,0,0,0,0,0,0,1,0
540,0,1,1,0,1,0,16.5,22.0,0,1,0,0,0,0,0,0,1,0,1,0,0,0,0,0,0,0,1
541,0,1,1,0,1,0,23.666666666666668,36.0,0,0,0,1,0,0,0,0,1,0,1,0,0,0,0,0,0,0,1
542,0,3,3,1,0,0,4.4678571428571425,9.0,1,0,0,1,0,0,0,0,1,0,0,0,0,0,0,0,0,1,0
543,0,3,3,1,0,0,4.4678571428571425,11.0,1,0,0,1,0,0,0,0,1,0,0,0,0,0,0,0,0,1,0
544,1,2,5,0,1,0,13.0,32.0,0,0,0,1,0,1,0,0,0,0,0,0,0,0,0,0,0,1,1
545,1,1,4,0,1,0,53.2125,50.0,0,1,0,0,0,1,0,0,0,0,0,1,0,0,0,0,0,0,0
546,1,1,4,0,0,1,26.0,64.0,0,0,0,1,0,1,0,0,0,0,0,0,0,0,0,0,0,1,0
547,0,2,2,0,1,0,13.0,19.0,0,0,0,1,0,0,0,0,1,0,0,0,0,0,0,0,0,1,1
548,1,2,5,0,0,1,13.8625,30.0,0,1,0,0,0,1,0,0,0,0,0,0,0,0,0,0,0,1,1
549,1,3,6,0,1,0,6.841666666666666,33.0,0,0,0,1,0,1,0,0,0,0,0,0,0,0,0,0,0,1,0
550,1,2,5,0,1,0,12.25,8.0,1,0,0,1,0,1,0,0,0,0,0,0,0,0,0,0,0,1,1
551,1,1,4,0,1,0,36.9611,17.0,0,1,0,0,0,1,0,0,0,0,0,1,0,0,0,0,0,0,1
552,1,2,5,0,0,1,26.0,27.0,0,0,0,1,0,1,0,0,0,0,0,0,0,0,0,0,0,1,0
553,1,3,6,0,0,1,7.8292,25.0,0,0,1,0,0,1,0,0,0,0,0,0,0,0,0,0,0,1,0
554,1,3,6,0,0,1,7.225,22.0,0,1,0,0,0,1,0,0,0,0,0,0,0,0,0,0,0,1,1
555,0,3,3,0,0,1,7.775,22.0,0,0,0,1,0,0,0,0,1,0,0,0,0,0,0,0,0,1,1
556,1,1,4,0,0,1,26.55,62.0,0,0,0,1,0,1,0,0,0,0,0,0,0,0,0,0,0,1,0
557,0,1,1,0,1,0,19.8,48.0,0,1,0,0,0,0,1,0,0,1,0,0,0,0,0,0,0,0,1
558,1,1,4,0,0,1,227.525,40.0,0,1,0,0,0,1,0,0,0,0,0,0,0,0,0,0,0,1,0
559,0,1,1,0,1,0,26.55,39.0,0,0,0,1,0,0,0,0,1,0,0,0,0,1,0,0,0,0,1
560,0,3,3,0,1,0,8.7,36.0,0,0,0,1,0,0,0,0,1,0,0,0,0,0,0,0,0,1,1
561,1,3,6,0,0,1,7.75,25.0,0,0,1,0,0,1,0,0,0,0,0,0,0,0,0,0,0,1,0
562,1,3,6,0,0,1,7.8958,40.0,0,0,0,1,0,1,0,0,0,0,0,0,0,0,0,0,0,1,0
563,1,2,5,0,0,1,13.5,28.0,0,0,0,1,0,1,0,0,0,0,0,0,0,0,0,0,0,1,0
564,1,3,6,0,0,1,8.05,25.0,0,0,0,1,0,1,0,0,0,0,0,0,0,0,0,0,0,1,0
565,0,3,3,0,0,1,8.05,21.5,0,0,0,1,0,0,0,0,1,0,0,0,0,0,0,0,0,1,0
566,1,3,6,0,1,0,8.049999999999999,24.0,0,0,0,1,0,1,0,0,0,0,0,0,0,0,0,0,0,1,0
567,1,3,6,0,0,1,7.8958,19.0,0,0,0,1,0,1,0,0,0,0,0,0,0,0,0,0,0,1,0
568,0,3,3,1,0,0,4.215,29.0,0,0,0,1,0,0,0,0,1,0,0,0,0,0,0,0,0,1,0
569,1,3,6,0,0,1,7.2292,25.0,0,1,0,0,0,1,0,0,0,0,0,0,0,0,0,0,0,1,0
570,1,3,6,0,0,1,7.8542,32.0,0,0,0,1,0,1,0,0,0,0,0,0,0,0,0,0,0,1,1
571,1,2,5,0,0,1,10.5,62.0,0,0,0,1,0,1,0,0,0,0,0,0,0,0,0,0,0,1,1
572,0,1,1,0,1,0,17.15973333333333,53.0,0,0,0,1,0,0,0,0,1,0,0,1,0,0,0,0,0,0,1
573,1,1,4,0,0,1,26.3875,36.0,0,0,0,1,0,1,0,0,0,0,0,0,0,1,0,0,0,0,1
574,0,3,3,0,0,1,7.75,21.5,0,0,1,0,0,0,0,0,1,0,0,0,0,0,0,0,0,1,1
575,1,3,6,0,0,1,8.05,16.0,1,0,0,1,0,1,0,0,0,0,0,0,0,0,0,0,0,1,0
576,1,3,6,0,0,1,14.5,19.0,0,0,0,1,0,1,0,0,0,0,0,0,0,0,0,0,0,1,0
577,0,2,2,0,0,1,13.0,34.0,0,0,0,1,0,0,0,0,1,0,0,0,0,0,0,0,0,1,1
578,0,1,1,0,1,0,27.95,39.0,0,0,0,1,0,0,0,0,1,0,0,0,0,1,0,0,0,0,1
579,0,3,3,0,1,0,7.22915,21.5,0,1,0,0,0,0,0,0,1,0,0,0,0,0,0,0,0,1,0
580,1,3,6,0,0,1,7.925,32.0,0,0,0,1,0,1,0,0,0,0,0,0,0,0,0,0,0,1,1
581,0,2,2,0,1,0,10.0,25.0,0,0,0,1,0,0,0,0,1,0,0,0,0,0,0,0,0,1,1
582,0,1,1,0,1,0,36.9611,39.0,0,1,0,0,0,0,0,0,1,0,0,1,0,0,0,0,0,0,1
583,1,2,5,0,0,1,26.0,54.0,0,0,0,1,0,1,0,0,0,0,0,0,0,0,0,0,0,1,0
584,1,1,4,0,0,1,40.125,36.0,0,1,0,0,0,1,0,0,0,1,0,0,0,0,0,0,0,0,0
585,1,3,6,0,0,1,8.7125,25.0,0,1,0,0,0,1,0,0,0,0,0,0,0,0,0,0,0,1,0
586,0,1,1,0,1,0,26.55,18.0,0,0,0,1,0,0,0,0,1,0,0,0,0,1,0,0,0,0,1
587,1,2,5,0,0,1,15.0,47.0,0,0,0,1,0,1,0,0,0,0,0,0,0,0,0,0,0,1,0
588,1,1,4,0,1,0,26.400000000000002,60.0,0,1,0,0,0,1,0,0,0,0,1,0,0,0,0,0,0,0,1
589,1,3,6,0,0,1,8.05,22.0,0,0,0,1,0,1,0,0,0,0,0,0,0,0,0,0,0,1,0
590,1,3,6,0,0,1,8.05,25.0,0,0,0,1,0,1,0,0,0,0,0,0,0,0,0,0,0,1,0
591,1,3,6,0,0,1,7.125,35.0,0,0,0,1,0,1,0,0,0,0,0,0,0,0,0,0,0,1,0
592,0,1,1,0,1,0,39.13335,52.0,0,1,0,0,0,0,0,0,1,0,0,0,1,0,0,0,0,0,1
593,1,3,6,0,0,1,7.25,47.0,0,0,0,1,0,1,0,0,0,0,0,0,0,0,0,0,0,1,0
594,0,3,3,0,1,0,2.5833333333333335,21.5,0,0,1,0,0,0,0,0,1,0,0,0,0,0,0,0,0,1,0
595,1,2,5,0,1,0,13.0,37.0,0,0,0,1,0,1,0,0,0,0,0,0,0,0,0,0,0,1,0
596,1,3,6,0,1,0,8.049999999999999,36.0,0,0,0,1,0,1,0,0,0,0,0,0,0,0,0,0,0,1,0
597,0,2,2,0,0,1,33.0,28.0,0,0,0,1,0,0,0,0,1,0,0,0,0,0,0,0,0,1,1
598,1,3,6,0,0,1,7.8542,49.0,0,0,0,1,0,1,0,0,0,0,0,0,0,0,0,0,0,1,0
599,1,3,6,0,0,1,7.225,25.0,0,1,0,0,0,1,0,0,0,0,0,0,0,0,0,0,0,1,0
600,1,1,4,0,1,0,28.4646,49.0,0,1,0,0,0,0,1,0,0,1,0,0,0,0,0,0,0,0,1
601,0,2,2,0,1,0,6.75,24.0,0,0,0,1,0,0,0,0,1,0,0,0,0,0,0,0,0,1,1
602,1,3,6,0,0,1,7.8958,25.0,0,0,0,1,0,1,0,0,0,0,0,0,0,0,0,0,0,1,0
603,1,1,4,0,0,1,42.4,40.0,0,0,0,1,0,1,0,0,0,0,0,0,0,0,0,0,0,1,0
604,1,3,6,0,0,1,8.05,44.0,0,0,0,1,0,1,0,0,0,0,0,0,0,0,0,0,0,1,0
605,1,1,4,0,0,1,26.55,35.0,0,1,0,0,0,1,0,0,0,0,0,0,0,0,0,0,0,1,1
606,1,3,6,0,1,0,7.775,36.0,0,0,0,1,0,1,0,0,0,0,0,0,0,0,0,0,0,1,0
607,1,3,6,0,0,1,7.8958,30.0,0,0,0,1,0,1,0,0,0,0,0,0,0,0,0,0,0,1,0
608,1,1,4,0,0,1,30.5,27.0,0,0,0,1,0,1,0,0,0,0,0,0,0,0,0,0,0,1,1
609,0,2,2,0,1,0,10.3948,22.0,0,1,0,0,0,0,0,0,1,0,0,0,0,0,0,0,0,1,1
610,0,1,1,0,0,1,153.4625,40.0,0,0,0,1,0,0,0,0,1,0,0,1,0,0,0,0,0,0,1
611,0,3,3,1,0,0,4.4678571428571425,39.0,0,0,0,1,0,0,0,0,1,0,0,0,0,0,0,0,0,1,0
612,1,3,6,0,0,1,7.05,25.0,0,0,0,1,0,1,0,0,0,0,0,0,0,0,0,0,0,1,0
613,0,3,3,0,1,0,7.75,21.5,0,0,1,0,0,0,0,0,1,0,0,0,0,0,0,0,0,1,1
614,1,3,6,0,0,1,7.75,25.0,0,0,1,0,0,1,0,0,0,0,0,0,0,0,0,0,0,1,0
615,1,3,6,0,0,1,8.05,35.0,0,0,0,1,0,1,0,0,0,0,0,0,0,0,0,0,0,1,0
616,0,2,2,0,1,0,16.25,24.0,0,0,0,1,0,0,0,0,1,0,0,0,0,0,0,0,0,1,1
617,1,3,6,0,1,0,4.8,34.0,0,0,0,1,0,1,0,0,0,0,0,0,0,0,0,0,0,1,0
618,0,3,3,0,1,0,8.05,26.0,0,0,0,1,0,0,0,0,1,0,0,0,0,0,0,0,0,1,0
619,0,2,2,0,1,0,9.75,4.0,1,0,0,1,0,0,0,0,1,0,0,0,0,0,1,0,0,0,1
620,1,2,5,0,0,1,10.5,26.0,0,0,0,1,0,1,0,0,0,0,0,0,0,0,0,0,0,1,0
621,1,3,6,0,1,0,7.2271,27.0,0,1,0,0,0,1,0,0,0,0,0,0,0,0,0,0,0,1,0
622,1,1,4,0,1,0,26.2771,42.0,0,0,0,1,0,1,0,0,0,0,0,0,1,0,0,0,0,0,1
623,1,3,6,0,1,0,5.247233333333333,20.0,0,1,0,0,0,1,0,0,0,0,0,0,0,0,0,0,0,1,1
624,1,3,6,0,0,1,7.8542,21.0,0,0,0,1,0,1,0,0,0,0,0,0,0,0,0,0,0,1,0
625,1,3,6,0,0,1,16.1,21.0,0,0,0,1,0,1,0,0,0,0,0,0,0,0,0,0,0,1,0
626,1,1,4,0,0,1,32.3208,61.0,0,0,0,1,0,1,0,0,0,0,0,0,1,0,0,0,0,0,0
627,1,2,5,0,0,1,12.35,57.0,0,0,1,0,0,0,0,1,0,0,0,0,0,0,0,0,0,1,0
628,0,1,1,0,0,1,77.9583,21.0,0,0,0,1,0,0,0,0,1,0,0,0,1,0,0,0,0,0,1
629,1,3,6,0,0,1,7.8958,26.0,0,0,0,1,0,1,0,0,0,0,0,0,0,0,0,0,0,1,0
630,1,3,6,0,0,1,7.7333,25.0,0,0,1,0,0,1,0,0,0,0,0,0,0,0,0,0,0,1,0
631,1,1,4,0,0,1,30.0,80.0,0,0,0,1,0,1,0,0,0,1,0,0,0,0,0,0,0,0,1
632,1,3,6,0,0,1,7.0542,51.0,0,0,0,1,0,1,0,0,0,0,0,0,0,0,0,0,0,1,0
633,1,1,4,0,0,1,30.5,32.0,0,1,0,0,0,1,0,0,0,0,1,0,0,0,0,0,0,0,1
634,1,1,4,0,0,1,30.0,40.0,0,0,0,1,0,1,0,0,0,0,0,0,0,0,0,0,0,1,0
635,0,3,3,1,0,0,4.6499999999999995,9.0,1,0,0,1,0,0,0,0,1,0,0,0,0,0,0,0,0,1,0
636,0,2,2,0,0,1,13.0,28.0,0,0,0,1,0,0,0,0,1,0,0,0,0,0,0,0,0,1,1
637,1,3,6,0,0,1,7.925,32.0,0,0,0,1,0,1,0,0,0,0,0,0,0,0,0,0,0,1,0
638,1,2,5,0,1,0,8.75,31.0,0,0,0,1,0,1,0,0,0,0,0,0,0,0,0,0,0,1,0
639,0,3,3,1,0,0,6.614583333333333,41.0,0,0,0,1,0,0,0,0,1,0,0,0,0,0,0,0,0,1,0
640,1,3,6,0,1,0,8.05,25.0,0,0,0,1,0,1,0,0,0,0,0,0,0,0,0,0,0,1,0
641,1,3,6,0,0,1,7.8542,20.0,0,0,0,1,0,1,0,0,0,0,0,0,0,0,0,0,0,1,0
642,0,1,1,0,0,1,69.3,24.0,0,1,0,0,0,0,0,0,1,0,1,0,0,0,0,0,0,0,1
643,0,3,3,1,0,0,4.6499999999999995,2.0,1,0,0,1,0,0,0,0,1,0,0,0,0,0,0,0,0,1,0
644,1,3,6,0,0,1,56.4958,25.0,0,0,0,1,0,1,0,0,0,0,0,0,0,0,0,0,0,1,1
645,0,3,3,0,1,0,4.814575,0.75,1,1,0,0,0,0,0,0,1,0,0,0,0,0,0,0,0,1,1
646,1,1,4,0,1,0,38.3646,48.0,0,1,0,0,0,1,0,0,0,0,0,0,1,0,0,0,0,0,1
647,1,3,6,0,0,1,7.8958,19.0,0,0,0,1,0,1,0,0,0,0,0,0,0,0,0,0,0,1,0
648,1,1,4,0,0,1,35.5,56.0,0,1,0,0,0,1,0,0,0,1,0,0,0,0,0,0,0,0,1
649,1,3,6,0,0,1,7.55,25.0,0,0,0,1,0,1,0,0,0,0,0,0,0,0,0,0,0,1,0
650,0,3,3,0,0,1,7.55,23.0,0,0,0,1,0,0,0,0,1,0,0,0,0,0,0,0,0,1,1
651,1,3,6,0,0,1,7.8958,25.0,0,0,0,1,0,1,0,0,0,0,0,0,0,0,0,0,0,1,0
652,0,2,2,0,1,0,11.5,18.0,0,0,0,1,0,0,0,0,1,0,0,0,0,0,0,0,0,1,1
653,1,3,6,0,0,1,8.4333,21.0,0,0,0,1,0,1,0,0,0,0,0,0,0,0,0,0,0,1,0
654,0,3,3,0,0,1,7.8292,21.5,0,0,1,0,0,0,0,0,1,0,0,0,0,0,0,0,0,1,1
655,0,3,3,0,0,1,6.75,18.0,0,0,1,0,0,0,0,0,1,0,0,0,0,0,0,0,0,1,0
656,1,2,5,0,1,0,24.5,24.0,0,0,0,1,0,1,0,0,0,0,0,0,0,0,0,0,0,1,0
657,1,3,6,0,0,1,7.8958,25.0,0,0,0,1,0,1,0,0,0,0,0,0,0,0,0,0,0,1,0
658,0,3,3,0,1,0,5.166666666666667,32.0,0,0,1,0,0,0,0,0,1,0,0,0,0,0,0,0,0,1,0
659,1,2,5,0,0,1,13.0,23.0,0,0,0,1,0,1,0,0,0,0,0,0,0,0,0,0,0,1,0
660,1,1,4,0,1,0,37.75833333333333,58.0,0,1,0,0,0,1,0,0,0,0,0,0,1,0,0,0,0,0,0
661,1,1,4,0,1,0,44.550000000000004,50.0,0,0,0,1,0,1,0,0,0,0,0,0,0,0,0,0,0,1,1
662,1,3,6,0,0,1,7.225,40.0,0,1,0,0,0,1,0,0,0,0,0,0,0,0,0,0,0,1,0
663,1,1,4,0,0,1,25.5875,47.0,0,0,0,1,0,1,0,0,0,0,0,0,0,1,0,0,0,0,0
664,1,3,6,0,0,1,7.4958,36.0,0,0,0,1,0,1,0,0,0,0,0,0,0,0,0,0,0,1,0
665,1,3,6,0,1,0,3.9625,20.0,0,0,0,1,0,1,0,0,0,0,0,0,0,0,0,0,0,1,1
666,1,2,5,0,1,0,24.5,32.0,0,0,0,1,0,1,0,0,0,0,0,0,0,0,0,0,0,1,0
667,1,2,5,0,0,1,13.0,25.0,0,0,0,1,0,1,0,0,0,0,0,0,0,0,0,0,0,1,0
668,1,3,6,0,0,1,7.775,25.0,0,0,0,1,0,1,0,0,0,0,0,0,0,0,0,0,0,1,0
669,1,3,6,0,0,1,8.05,43.0,0,0,0,1,0,1,0,0,0,0,0,0,0,0,0,0,0,1,0
670,0,1,1,0,1,0,26.0,35.0,0,0,0,1,0,0,0,0,1,0,0,1,0,0,0,0,0,0,1
671,0,2,2,0,1,0,13.0,40.0,0,0,0,1,0,0,0,0,1,0,0,0,0,0,0,0,0,1,1
672,1,1,4,0,1,0,26.0,31.0,0,0,0,1,0,1,0,0,0,0,1,0,0,0,0,0,0,0,0
673,1,2,5,0,0,1,10.5,70.0,0,0,0,1,0,1,0,0,0,0,0,0,0,0,0,0,0,1,0
674,1,2,5,0,0,1,13.0,31.0,0,0,0,1,0,1,0,0,0,0,0,0,0,0,0,0,0,1,1
675,1,2,5,0,0,1,13.0,30.0,0,0,0,1,0,1,0,0,0,0,0,0,0,0,0,0,0,1,0
676,1,3,6,0,0,1,7.775,18.0,0,0,0,1,0,1,0,0,0,0,0,0,0,0,0,0,0,1,0
677,1,3,6,0,0,1,8.05,24.5,0,0,0,1,0,1,0,0,0,0,0,0,0,0,0,0,0,1,0
678,0,3,3,0,0,1,9.8417,18.0,0,0,0,1,0,0,0,0,1,0,0,0,0,0,0,0,0,1,1
679,0,3,3,1,0,0,5.8625,43.0,0,0,0,1,0,0,0,0,1,0,0,0,0,0,0,0,0,1,0
680,1,1,4,0,1,0,256.1646,36.0,0,1,0,0,0,1,0,0,0,0,1,0,0,0,0,0,0,0,1
681,0,3,3,0,0,1,8.1375,21.5,0,0,1,0,0,0,0,0,1,0,0,0,0,0,0,0,0,1,0
682,1,1,4,0,0,1,76.7292,27.0,0,1,0,0,0,1,0,0,0,0,0,0,1,0,0,0,0,0,1
683,1,3,6,0,0,1,9.225,20.0,0,0,0,1,0,1,0,0,0,0,0,0,0,0,0,0,0,1,0
684,1,3,6,1,0,0,5.8625,14.0,1,0,0,1,0,1,0,0,0,0,0,0,0,0,0,0,0,1,0
685,1,2,5,0,1,0,13.0,60.0,0,0,0,1,0,1,0,0,0,0,0,0,0,0,0,0,0,1,0
686,1,2,5,0,1,0,10.3948,25.0,0,1,0,0,0,1,0,0,0,0,0,0,0,0,0,0,0,1,0
687,1,3,6,1,0,0,6.614583333333333,14.0,1,0,0,1,0,1,0,0,0,0,0,0,0,0,0,0,0,1,0
688,1,3,6,0,0,1,10.1708,19.0,0,0,0,1,0,1,0,0,0,0,0,0,0,0,0,0,0,1,0
689,1,3,6,0,0,1,7.7958,18.0,0,0,0,1,0,1,0,0,0,0,0,0,0,0,0,0,0,1,0
690,0,1,1,0,1,0,105.66875,15.0,1,0,0,1,0,0,0,0,1,0,1,0,0,0,0,0,0,0,1
691,1,1,4,0,1,0,28.5,31.0,0,0,0,1,0,1,0,0,0,0,1,0,0,0,0,0,0,0,1
692,0,3,3,0,1,0,6.70835,4.0,1,1,0,0,0,0,0,0,1,0,0,0,0,0,0,0,0,1,1
693,1,3,6,0,0,1,56.4958,25.0,0,0,0,1,0,1,0,0,0,0,0,0,0,0,0,0,0,1,1
694,1,3,6,0,0,1,7.225,25.0,0,1,0,0,0,1,0,0,0,0,0,0,0,0,0,0,0,1,0
695,1,1,4,0,0,1,26.55,60.0,0,0,0,1,0,1,0,0,0,0,0,0,0,0,0,0,0,1,0
696,1,2,5,0,0,1,13.5,52.0,0,0,0,1,0,1,0,0,0,0,0,0,0,0,0,0,0,1,0
697,1,3,6,0,0,1,8.05,44.0,0,0,0,1,0,1,0,0,0,0,0,0,0,0,0,0,0,1,0
698,0,3,3,0,0,1,7.7333,21.5,0,0,1,0,0,0,0,0,1,0,0,0,0,0,0,0,0,1,1
699,1,1,4,0,1,0,36.9611,49.0,0,1,0,0,0,1,0,0,0,0,0,1,0,0,0,0,0,0,0
700,1,3,6,0,0,1,7.65,42.0,0,0,0,1,0,1,0,0,0,0,0,0,0,0,1,0,0,0,0
701,0,1,1,0,1,0,113.7625,18.0,0,1,0,0,0,0,0,0,1,0,0,1,0,0,0,0,0,0,1
702,1,1,4,0,0,1,26.2875,35.0,0,0,0,1,0,1,0,0,0,0,0,0,0,1,0,0,0,0,1
703,0,3,3,0,1,0,7.2271,18.0,0,1,0,0,0,0,0,0,1,0,0,0,0,0,0,0,0,1,0
704,1,3,6,0,0,1,7.7417,25.0,0,0,1,0,0,1,0,0,0,0,0,0,0,0,0,0,0,1,0
705,1,3,6,0,1,0,3.9271,26.0,0,0,0,1,0,1,0,0,0,0,0,0,0,0,0,0,0,1,0
706,1,2,5,0,0,1,26.0,39.0,0,0,0,1,0,1,0,0,0,0,0,0,0,0,0,0,0,1,0
707,0,2,2,0,0,1,13.5,45.0,0,0,0,1,0,0,0,0,1,0,0,0,0,0,0,0,0,1,1
708,1,1,4,0,0,1,26.2875,42.0,0,0,0,1,0,1,0,0,0,0,0,0,0,1,0,0,0,0,1
709,0,1,1,0,0,1,151.55,22.0,0,0,0,1,0,0,0,0,1,0,0,0,0,0,0,0,0,1,1
710,1,3,6,0,1,0,5.081933333333333,25.0,0,1,0,0,0,1,0,0,0,0,0,0,0,0,0,0,0,1,1
711,0,1,1,0,0,1,49.5042,24.0,0,1,0,0,0,0,0,0,1,0,0,1,0,0,0,0,0,0,1
712,1,1,4,0,0,1,26.55,40.0,0,0,0,1,0,1,0,0,0,0,0,1,0,0,0,0,0,0,0
713,1,1,4,0,1,0,26.0,48.0,0,0,0,1,0,1,0,0,0,0,0,1,0,0,0,0,0,0,1
714,1,3,6,0,0,1,9.4833,29.0,0,0,0,1,0,1,0,0,0,0,0,0,0,0,0,0,0,1,0
715,1,2,5,0,0,1,13.0,52.0,0,0,0,1,0,1,0,0,0,0,0,0,0,0,0,0,0,1,0
716,1,3,6,0,0,1,7.65,19.0,0,0,0,1,0,1,0,0,0,0,0,0,0,0,1,0,0,0,0
717,0,1,1,0,0,1,227.525,38.0,0,1,0,0,0,0,0,0,1,0,0,1,0,0,0,0,0,0,1
718,0,2,2,0,0,1,10.5,27.0,0,0,0,1,0,0,0,0,1,0,0,0,0,1,0,0,0,0,1
719,1,3,6,0,0,1,15.5,25.0,0,0,1,0,0,1,0,0,0,0,0,0,0,0,0,0,0,1,0
720,1,3,6,0,0,1,7.775,33.0,0,0,0,1,0,1,0,0,0,0,0,0,0,0,0,0,0,1,0
721,0,2,2,0,1,0,16.5,6.0,1,0,0,1,0,0,0,0,1,0,0,0,0,0,0,0,0,1,1
722,1,3,6,0,1,0,3.5271,17.0,0,0,0,1,0,1,0,0,0,0,0,0,0,0,0,0,0,1,0
723,1,2,5,0,0,1,13.0,34.0,0,0,0,1,0,1,0,0,0,0,0,0,0,0,0,0,0,1,0
724,1,2,5,0,0,1,13.0,50.0,0,0,0,1,0,1,0,0,0,0,0,0,0,0,0,0,0,1,0
725,1,1,4,0,1,0,26.55,27.0,0,0,0,1,0,1,0,0,0,0,0,0,0,1,0,0,0,0,1
726,1,3,6,0,0,1,8.6625,20.0,0,0,0,1,0,1,0,0,0,0,0,0,0,0,0,0,0,1,0
727,0,2,2,0,1,0,5.25,30.0,0,0,0,1,0,0,0,0,1,0,0,0,0,0,0,0,0,1,1
728,0,3,3,0,0,1,7.7375,21.5,0,0,1,0,0,0,0,0,1,0,0,0,0,0,0,0,0,1,1
729,1,2,5,0,1,0,13.0,25.0,0,0,0,1,0,1,0,0,0,0,0,0,0,0,0,0,0,1,0
730,0,3,3,0,1,0,3.9625,25.0,0,0,0,1,0,0,0,0,1,0,0,0,0,0,0,0,0,1,0
731,0,1,1,0,0,1,211.3375,29.0,0,0,0,1,0,0,0,0,1,0,1,0,0,0,0,0,0,0,1
732,1,3,6,0,0,1,18.7875,11.0,1,1,0,0,0,1,0,0,0,0,0,0,0,0,0,0,0,1,0
733,1,2,5,0,0,1,13.0,30.0,0,0,0,1,0,1,0,0,0,0,0,0,0,0,0,0,0,1,0
734,1,2,5,0,0,1,13.0,23.0,0,0,0,1,0,1,0,0,0,0,0,0,0,0,0,0,0,1,0
735,1,2,5,0,0,1,13.0,23.0,0,0,0,1,0,1,0,0,0,0,0,0,0,0,0,0,0,1,0
736,1,3,6,0,0,1,16.1,28.5,0,0,0,1,0,1,0,0,0,0,0,0,0,0,0,0,0,1,0
737,0,3,3,1,0,0,6.875,48.0,0,0,0,1,0,0,0,0,1,0,0,0,0,0,0,0,0,1,0
738,1,1,4,0,0,1,512.3292,35.0,0,1,0,0,0,1,0,0,0,0,1,0,0,0,0,0,0,0,1
739,1,3,6,0,0,1,7.8958,25.0,0,0,0,1,0,1,0,0,0,0,0,0,0,0,0,0,0,1,0
740,1,3,6,0,0,1,7.8958,25.0,0,0,0,1,0,1,0,0,0,0,0,0,0,0,0,0,0,1,0
741,1,1,4,0,0,1,30.0,40.0,0,0,0,1,0,1,0,0,0,0,0,0,1,0,0,0,0,0,1
742,1,1,4,0,1,0,39.425,36.0,0,0,0,1,0,1,0,0,0,0,0,1,0,0,0,0,0,0,0
743,0,1,1,1,0,0,52.475,21.0,0,1,0,0,0,0,0,0,1,0,1,0,0,0,0,0,0,0,1
744,1,3,6,0,1,0,8.05,24.0,0,0,0,1,0,1,0,0,0,0,0,0,0,0,0,0,0,1,0
745,1,3,6,0,0,1,7.925,31.0,0,0,0,1,0,1,0,0,0,0,0,0,0,0,0,0,0,1,1
746,1,1,4,0,1,0,23.666666666666668,70.0,0,0,0,1,0,1,0,0,0,0,1,0,0,0,0,0,0,0,0
747,1,3,6,0,1,0,6.75,16.0,1,0,0,1,0,1,0,0,0,0,0,0,0,0,0,0,0,1,0
748,0,2,2,0,0,1,13.0,30.0,0,0,0,1,0,0,0,0,1,0,0,0,0,0,0,0,0,1,1
749,1,1,4,0,1,0,26.55,19.0,0,0,0,1,0,1,0,0,0,0,0,0,1,0,0,0,0,0,0
750,1,3,6,0,0,1,7.75,31.0,0,0,1,0,0,1,0,0,0,0,0,0,0,0,0,0,0,1,0
751,0,2,2,0,1,0,7.666666666666667,4.0,1,0,0,1,0,0,0,0,1,0,0,0,0,0,0,0,0,1,1
752,1,3,6,0,1,0,6.2375,6.0,1,0,0,1,0,1,0,0,0,0,0,0,0,1,0,0,0,0,1
753,1,3,6,0,0,1,9.5,33.0,0,0,0,1,0,1,0,0,0,0,0,0,0,0,0,0,0,1,0
754,1,3,6,0,0,1,7.8958,23.0,0,0,0,1,0,1,0,0,0,0,0,0,0,0,0,0,0,1,0
755,0,2,2,0,1,0,16.25,48.0,0,0,0,1,0,0,0,0,1,0,0,0,0,0,0,0,0,1,1
756,1,2,5,0,1,0,4.833333333333333,0.67,1,0,0,1,0,1,0,0,0,0,0,0,0,0,0,0,0,1,1
757,1,3,6,0,0,1,7.7958,28.0,0,0,0,1,0,1,0,0,0,0,0,0,0,0,0,0,0,1,0
758,1,2,5,0,0,1,11.5,18.0,0,0,0,1,0,1,0,0,0,0,0,0,0,0,0,0,0,1,0
759,1,3,6,0,0,1,8.05,34.0,0,0,0,1,0,1,0,0,0,0,0,0,0,0,0,0,0,1,0
760,0,1,1,0,0,1,86.5,33.0,0,0,0,1,0,0,1,0,0,0,1,0,0,0,0,0,0,0,1
761,1,3,6,0,0,1,14.5,25.0,0,0,0,1,0,1,0,0,0,0,0,0,0,0,0,0,0,1,0
762,1,3,6,0,0,1,7.125,41.0,0,0,0,1,0,1,0,0,0,0,0,0,0,0,0,0,0,1,0
763,1,3,6,0,0,1,7.2292,20.0,0,1,0,0,0,1,0,0,0,0,0,0,0,0,0,0,0,1,1
764,0,1,1,0,1,0,30.0,36.0,0,0,0,1,0,0,0,0,1,0,1,0,0,0,0,0,0,0,1
765,1,3,6,0,0,1,7.775,16.0,1,0,0,1,0,1,0,0,0,0,0,0,0,0,0,0,0,1,0
766,0,1,1,0,1,0,38.97915,51.0,0,0,0,1,0,0,0,0,1,0,0,0,1,0,0,0,0,0,1
767,1,1,4,0,0,1,39.6,40.0,0,1,0,0,0,1,0,0,0,0,0,0,0,0,0,0,0,1,0
768,0,3,3,0,0,1,7.75,30.5,0,0,1,0,0,0,0,0,1,0,0,0,0,0,0,0,0,1,0
769,1,3,6,0,1,0,12.075,25.0,0,0,1,0,0,1,0,0,0,0,0,0,0,0,0,0,0,1,0
770,1,3,6,0,0,1,8.3625,32.0,0,0,0,1,0,1,0,0,0,0,0,0,0,0,0,0,0,1,0
771,1,3,6,0,0,1,9.5,24.0,0,0,0,1,0,1,0,0,0,0,0,0,0,0,0,0,0,1,0
772,1,3,6,0,0,1,7.8542,48.0,0,0,0,1,0,1,0,0,0,0,0,0,0,0,0,0,0,1,0
773,0,2,2,0,0,1,10.5,57.0,0,0,0,1,0,0,0,0,1,0,0,0,0,1,0,0,0,0,0
774,1,3,6,0,0,1,7.225,25.0,0,1,0,0,0,1,0,0,0,0,0,0,0,0,0,0,0,1,0
775,0,2,2,1,0,0,4.6,54.0,0,0,0,1,0,0,0,0,1,0,0,0,0,0,0,0,0,1,1
776,1,3,6,0,0,1,7.75,18.0,0,0,0,1,0,1,0,0,0,0,0,0,0,0,0,0,0,1,0
777,1,3,6,0,0,1,7.75,25.0,0,0,1,0,0,1,0,0,0,0,0,0,0,0,1,0,0,0,0
778,0,3,3,0,0,1,12.475,5.0,1,0,0,1,0,0,0,0,1,0,0,0,0,0,0,0,0,1,1
779,1,3,6,0,0,1,7.7375,25.0,0,0,1,0,0,1,0,0,0,0,0,0,0,0,0,0,0,1,0
780,0,1,1,0,1,0,105.66875,43.0,0,0,0,1,0,0,0,0,1,0,1,0,0,0,0,0,0,0,1
781,0,3,3,0,0,1,7.2292,13.0,1,1,0,0,0,0,0,0,1,0,0,0,0,0,0,0,0,1,1
782,0,1,1,0,1,0,28.5,17.0,0,0,0,1,0,0,0,0,1,0,1,0,0,0,0,0,0,0,1
783,1,1,4,0,0,1,30.0,29.0,0,0,0,1,0,1,0,0,0,0,0,0,1,0,0,0,0,0,0
784,1,3,6,0,1,0,5.8625,25.0,0,0,0,1,0,1,0,0,0,0,0,0,0,0,0,0,0,1,0
785,1,3,6,0,0,1,7.05,25.0,0,0,0,1,0,1,0,0,0,0,0,0,0,0,0,0,0,1,0
786,1,3,6,0,0,1,7.25,25.0,0,0,0,1,0,1,0,0,0,0,0,0,0,0,0,0,0,1,0
787,0,3,3,0,0,1,7.4958,18.0,0,0,0,1,0,0,0,0,1,0,0,0,0,0,0,0,0,1,1
788,1,3,6,1,0,0,4.854166666666667,8.0,1,0,1,0,0,1,0,0,0,0,0,0,0,0,0,0,0,1,0
789,1,3,6,0,1,0,5.14375,1.0,1,0,0,1,0,1,0,0,0,0,0,0,0,0,0,0,0,1,1
790,1,1,4,0,0,1,79.2,46.0,0,1,0,0,0,1,0,0,0,0,1,0,0,0,0,0,0,0,0
791,1,3,6,0,0,1,7.75,25.0,0,0,1,0,0,1,0,0,0,0,0,0,0,0,0,0,0,1,0
792,1,2,5,0,0,1,26.0,16.0,1,0,0,1,0,1,0,0,0,0,0,0,0,0,0,0,0,1,0
793,0,3,3,1,0,0,6.322727272727272,21.5,0,0,0,1,0,0,0,0,1,0,0,0,0,0,0,0,0,1,0
794,1,1,4,0,0,1,30.6958,40.0,0,1,0,0,0,1,0,0,0,0,0,0,0,0,0,0,0,1,0
795,1,3,6,0,0,1,7.8958,25.0,0,0,0,1,0,1,0,0,0,0,0,0,0,0,0,0,0,1,0
796,1,2,5,0,0,1,13.0,39.0,0,0,0,1,0,1,0,0,0,0,0,0,0,0,0,0,0,1,0
797,0,1,1,0,0,1,25.9292,49.0,0,0,0,1,0,1,0,0,0,0,0,0,1,0,0,0,0,0,1
798,0,3,3,0,0,1,8.6833,31.0,0,0,0,1,0,0,0,0,1,0,0,0,0,0,0,0,0,1,1
799,1,3,6,0,0,1,7.2292,30.0,0,1,0,0,0,1,0,0,0,0,0,0,0,0,0,0,0,1,0
800,0,3,3,0,1,0,8.049999999999999,30.0,0,0,0,1,0,0,0,0,1,0,0,0,0,0,0,0,0,1,0
801,1,2,5,0,0,1,13.0,34.0,0,0,0,1,0,1,0,0,0,0,0,0,0,0,0,0,0,1,0
802,0,2,2,0,1,0,8.75,31.0,0,0,0,1,0,0,0,0,1,0,0,0,0,0,0,0,0,1,1
803,1,1,4,0,1,0,30.0,11.0,1,0,0,1,0,1,0,0,0,0,1,0,0,0,0,0,0,0,1
804,1,3,6,0,1,0,4.25835,0.42,1,1,0,0,0,1,0,0,0,0,0,0,0,0,0,0,0,1,1
805,1,3,6,0,0,1,6.975,27.0,0,0,0,1,0,1,0,0,0,0,0,0,0,0,0,0,0,1,1
806,1,3,6,0,0,1,7.775,31.0,0,0,0,1,0,1,0,0,0,0,0,0,0,0,0,0,0,1,0
807,1,1,4,0,0,1,30.0,39.0,0,0,0,1,0,1,0,0,0,1,0,0,0,0,0,0,0,0,0
808,0,3,3,0,0,1,7.775,18.0,0,0,0,1,0,0,0,0,1,0,0,0,0,0,0,0,0,1,0
809,1,2,5,0,0,1,13.0,39.0,0,0,0,1,0,1,0,0,0,0,0,0,0,0,0,0,0,1,0
810,0,1,1,0,1,0,26.55,33.0,0,0,0,1,0,0,0,0,1,0,0,0,0,1,0,0,0,0,1
811,1,3,6,0,0,1,7.8875,26.0,0,0,0,1,0,1,0,0,0,0,0,0,0,0,0,0,0,1,0
812,1,3,6,0,0,1,24.15,39.0,0,0,0,1,0,1,0,0,0,0,0,0,0,0,0,0,0,1,0
813,1,2,5,0,0,1,10.5,35.0,0,0,0,1,0,1,0,0,0,0,0,0,0,0,0,0,0,1,0
814,0,3,3,1,0,0,4.4678571428571425,6.0,1,0,0,1,0,0,0,0,1,0,0,0,0,0,0,0,0,1,0
815,1,3,6,0,0,1,8.05,30.5,0,0,0,1,0,1,0,0,0,0,0,0,0,0,0,0,0,1,0
816,1,1,4,0,0,1,30.0,40.0,0,0,0,1,0,1,0,0,0,0,1,0,0,0,0,0,0,0,0
817,0,3,3,0,0,1,7.925,23.0,0,0,0,1,0,0,0,0,1,0,0,0,0,0,0,0,0,1,0
818,1,2,5,0,1,0,12.334733333333332,31.0,0,1,0,0,0,1,0,0,0,0,0,0,0,0,0,0,0,1,0
819,1,3,6,0,0,1,6.45,43.0,0,0,0,1,0,1,0,0,0,0,0,0,0,0,0,0,0,1,0
820,1,3,6,1,0,0,4.6499999999999995,10.0,1,0,0,1,0,1,0,0,0,0,0,0,0,0,0,0,0,1,0
821,0,1,1,0,1,0,31.166666666666668,52.0,0,0,0,1,0,0,0,0,1,0,1,0,0,0,0,0,0,0,1
822,1,3,6,0,0,1,8.6625,27.0,0,0,0,1,0,1,0,0,0,0,0,0,0,0,0,0,0,1,1
823,1,1,4,0,0,1,30.0,38.0,0,0,0,1,0,0,0,1,0,0,0,0,0,0,0,0,0,1,0
824,0,3,3,0,1,0,6.2375,27.0,0,0,0,1,0,0,0,0,1,0,0,0,0,1,0,0,0,0,1
825,1,3,6,1,0,0,6.614583333333333,2.0,1,0,0,1,0,1,0,0,0,0,0,0,0,0,0,0,0,1,0
826,1,3,6,0,0,1,6.95,25.0,0,0,1,0,0,1,0,0,0,0,0,0,0,0,0,0,0,1,0
827,1,3,6,0,0,1,56.4958,25.0,0,0,0,1,0,1,0,0,0,0,0,0,0,0,0,0,0,1,0
828,1,2,5,0,1,0,12.334733333333332,1.0,1,1,0,0,0,1,0,0,0,0,0,0,0,0,0,0,0,1,1
829,1,3,6,0,0,1,7.75,25.0,0,0,1,0,0,1,0,0,0,0,0,0,0,0,0,0,0,1,1
830,0,1,1,0,0,1,80.0,62.0,0,0,0,0,1,0,0,0,1,0,1,0,0,0,0,0,0,0,1
831,0,3,3,0,1,0,7.2271,15.0,1,1,0,0,0,0,0,0,1,0,0,0,0,0,0,0,0,1,1
832,1,2,5,0,1,0,6.25,0.83,1,0,0,1,0,1,0,0,0,0,0,0,0,0,0,0,0,1,1
833,1,3,6,0,0,1,7.2292,25.0,0,1,0,0,0,1,0,0,0,0,0,0,0,0,0,0,0,1,0
834,1,3,6,0,0,1,7.8542,23.0,0,0,0,1,0,1,0,0,0,0,0,0,0,0,0,0,0,1,0
835,1,3,6,0,0,1,8.3,18.0,0,0,0,1,0,1,0,0,0,0,0,0,0,0,0,0,0,1,0
836,0,1,1,0,1,0,27.71943333333333,39.0,0,1,0,0,0,0,0,0,1,0,0,0,0,1,0,0,0,0,1
837,1,3,6,0,0,1,8.6625,21.0,0,0,0,1,0,1,0,0,0,0,0,0,0,0,0,0,0,1,0
838,1,3,6,0,0,1,8.05,25.0,0,0,0,1,0,1,0,0,0,0,0,0,0,0,0,0,0,1,0
839,1,3,6,0,0,1,56.4958,32.0,0,0,0,1,0,1,0,0,0,0,0,0,0,0,0,0,0,1,1
840,1,1,4,0,0,1,29.7,40.0,0,1,0,0,0,1,0,0,0,0,0,1,0,0,0,0,0,0,1
841,1,3,6,0,0,1,7.925,20.0,0,0,0,1,0,1,0,0,0,0,0,0,0,0,0,0,0,1,0
842,1,2,5,0,0,1,10.5,16.0,1,0,0,1,0,1,0,0,0,0,0,0,0,0,0,0,0,1,0
843,0,1,1,0,0,1,31.0,30.0,0,1,0,0,0,0,0,0,1,0,0,0,0,0,0,0,0,1,1
844,1,3,6,0,0,1,6.4375,34.5,0,1,0,0,0,1,0,0,0,0,0,0,0,0,0,0,0,1,0
845,1,3,6,0,0,1,8.6625,17.0,0,0,0,1,0,1,0,0,0,0,0,0,0,0,0,0,0,1,0
846,1,3,6,0,0,1,7.55,42.0,0,0,0,1,0,1,0,0,0,0,0,0,0,0,0,0,0,1,0
847,1,3,6,1,0,0,6.322727272727272,25.0,0,0,0,1,0,1,0,0,0,0,0,0,0,0,0,0,0,1,0
848,1,3,6,0,0,1,7.8958,35.0,0,1,0,0,0,1,0,0,0,0,0,0,0,0,0,0,0,1,0
849,1,2,5,0,1,0,16.5,28.0,0,0,0,1,0,0,0,1,0,0,0,0,0,0,0,0,0,1,0
850,0,1,1,0,1,0,44.5521,35.0,0,1,0,0,0,0,0,0,1,0,0,1,0,0,0,0,0,0,1
851,1,3,6,1,0,0,4.4678571428571425,4.0,1,0,0,1,0,1,0,0,0,0,0,0,0,0,0,0,0,1,0
852,1,3,6,0,0,1,7.775,74.0,0,0,0,1,0,1,0,0,0,0,0,0,0,0,0,0,0,1,0
853,0,3,3,0,1,0,5.081933333333333,9.0,1,1,0,0,0,0,0,0,1,0,0,0,0,0,0,0,0,1,0
854,0,1,1,0,1,0,19.7,16.0,1,0,0,1,0,0,0,0,1,0,0,0,1,0,0,0,0,0,1
855,0,2,2,0,1,0,13.0,44.0,0,0,0,1,0,0,0,0,1,0,0,0,0,0,0,0,0,1,0
856,0,3,3,0,1,0,4.675,18.0,0,0,0,1,0,0,0,0,1,0,0,0,0,0,0,0,0,1,1
857,0,1,1,0,1,0,54.95556666666667,45.0,0,0,0,1,0,0,0,0,1,0,0,0,0,0,0,0,0,1,1
858,1,1,4,0,0,1,26.55,51.0,0,0,0,1,0,1,0,0,0,0,0,0,0,1,0,0,0,0,1
859,0,3,3,0,1,0,4.814575,24.0,0,1,0,0,0,0,0,0,1,0,0,0,0,0,0,0,0,1,1
860,1,3,6,0,0,1,7.2292,25.0,0,1,0,0,0,1,0,0,0,0,0,0,0,0,0,0,0,1,0
861,1,3,6,0,1,0,4.702766666666666,41.0,0,0,0,1,0,1,0,0,0,0,0,0,0,0,0,0,0,1,0
862,1,2,5,0,1,0,5.75,21.0,0,0,0,1,0,1,0,0,0,0,0,0,0,0,0,0,0,1,0
863,0,1,1,0,0,1,25.9292,48.0,0,0,0,1,0,0,0,0,1,0,0,0,1,0,0,0,0,0,1
864,0,3,3,1,0,0,6.322727272727272,21.5,0,0,0,1,0,0,0,0,1,0,0,0,0,0,0,0,0,1,0
865,1,2,5,0,0,1,13.0,24.0,0,0,0,1,0,1,0,0,0,0,0,0,0,0,0,0,0,1,0
866,0,2,2,0,0,1,13.0,42.0,0,0,0,1,0,0,0,0,1,0,0,0,0,0,0,0,0,1,1
867,0,2,2,0,1,0,6.92915,27.0,0,1,0,0,0,0,0,0,1,0,0,0,0,0,0,0,0,1,1
868,1,1,4,0,0,1,50.4958,31.0,0,0,0,1,0,1,0,0,0,1,0,0,0,0,0,0,0,0,0
869,1,3,6,0,0,1,9.5,25.0,0,0,0,1,0,1,0,0,0,0,0,0,0,0,0,0,0,1,0
870,1,3,6,0,1,0,3.7111,4.0,1,0,0,1,0,1,0,0,0,0,0,0,0,0,0,0,0,1,1
871,1,3,6,0,0,1,7.8958,26.0,0,0,0,1,0,1,0,0,0,0,0,0,0,0,0,0,0,1,0
872,0,1,1,0,1,0,17.518066666666666,47.0,0,0,0,1,0,0,0,0,1,0,0,0,1,0,0,0,0,0,1
873,1,1,4,0,0,1,5.0,33.0,0,0,0,1,0,1,0,0,0,0,1,0,0,0,0,0,0,0,0
874,1,3,6,0,0,1,9.0,47.0,0,0,0,1,0,1,0,0,0,0,0,0,0,0,0,0,0,1,0
875,0,2,2,0,1,0,12.0,28.0,0,1,0,0,0,0,0,0,1,0,0,0,0,0,0,0,0,1,1
876,0,3,3,0,0,1,7.225,15.0,1,1,0,0,0,0,0,0,1,0,0,0,0,0,0,0,0,1,1
877,1,3,6,0,0,1,9.8458,20.0,0,0,0,1,0,1,0,0,0,0,0,0,0,0,0,0,0,1,0
878,1,3,6,0,0,1,7.8958,19.0,0,0,0,1,0,1,0,0,0,0,0,0,0,0,0,0,0,1,0
879,1,3,6,0,0,1,7.8958,25.0,0,0,0,1,0,1,0,0,0,0,0,0,0,0,0,0,0,1,0
880,0,1,1,0,1,0,41.57915,56.0,0,1,0,0,0,0,0,0,1,0,0,1,0,0,0,0,0,0,1
881,0,2,2,0,1,0,13.0,25.0,0,0,0,1,0,0,0,0,1,0,0,0,0,0,0,0,0,1,1
882,1,3,6,0,0,1,7.8958,33.0,0,0,0,1,0,1,0,0,0,0,0,0,0,0,0,0,0,1,0
883,0,3,3,0,0,1,10.5167,22.0,0,0,0,1,0,0,0,0,1,0,0,0,0,0,0,0,0,1,0
884,1,2,5,0,0,1,10.5,28.0,0,0,0,1,0,1,0,0,0,0,0,0,0,0,0,0,0,1,0
885,1,3,6,0,0,1,7.05,25.0,0,0,0,1,0,1,0,0,0,0,0,0,0,0,0,0,0,1,0
886,0,3,3,1,0,0,4.854166666666667,39.0,0,0,1,0,0,0,0,0,1,0,0,0,0,0,0,0,0,1,0
887,1,2,5,0,0,1,13.0,27.0,0,0,0,1,0,0,0,1,0,0,0,0,0,0,0,0,0,1,0
888,0,1,1,0,0,1,30.0,19.0,0,0,0,1,0,0,0,0,1,0,1,0,0,0,0,0,0,0,1
889,0,3,3,0,1,0,5.8625,21.5,0,0,0,1,0,0,0,0,1,0,0,0,0,0,0,0,0,1,0
890,1,1,4,0,0,1,30.0,26.0,0,1,0,0,0,1,0,0,0,0,0,1,0,0,0,0,0,0,1
891,1,3,6,0,0,1,7.75,32.0,0,0,1,0,0,1,0,0,0,0,0,0,0,0,0,0,0,1,0
